<StructureDefinition xmlns="http://hl7.org/fhir"><id value="Extension-ITK-MessageHandling-2" /><meta><lastUpdated value="2018-08-20T14:06:23.998+01:00" /></meta><url value="https://fhir.nhs.uk/STU3/StructureDefinition/Extension-ITK-MessageHandling-2" /><version value="2.1.0" /><name value="Extension-ITK-MessageHandling-2" /><status value="active" /><date value="2018-08-20" /><publisher value="NHS Digital" /><contact><name value="Interoperability Team" /><telecom><system value="email" /><value value="interoperabilityteam@nhs.net" /><use value="work" /></telecom></contact><description value="This is an extension to support the ITK handling specification. This provides the ability to control the sending of acknowledgements and other values such as profile ID and interaction ID." /><purpose value="This extension provides the ability to control the sending of acknowledgements and other values such as profile ID and interaction ID." /><copyright value="Copyright ?2018 NHS Digital" /><fhirVersion value="3.0.1" /><kind value="complex-type" /><abstract value="false" /><contextType value="resource" /><context value="MessageHeader" /><type value="Extension" /><baseDefinition value="http://hl7.org/fhir/StructureDefinition/Extension" /><derivation value="constraint" /><snapshot><element id="Extension"><path value="Extension" /><short value="An extension to support ITK message handling" /><definition value="Optional Extension Element - found in all resources." /><min value="0" /><max value="*" /><base><path value="Element" /><min value="0" /><max value="*" /></base><condition value="ele-1" /><constraint><key value="ele-1" /><severity value="error" /><human value="All FHIR elements must have a @value or children" /><expression value="hasValue() | (children().count() &gt; id.count())" /><xpath value="@value|f:*|h:div" /></constraint><constraint><key value="ext-1" /><severity value="error" /><human value="Must have either extensions or value[x], not both" /><expression value="extension.exists() != value.exists()" /><xpath value="exists(f:extension)!=exists(f:*[starts-with(local-name(.), 'value')])" /></constraint><mapping><identity value="rim" /><map value="n/a" /></mapping><mapping><identity value="rim" /><map value="N/A" /></mapping></element><element id="Extension.id"><path value="Extension.id" /><representation value="xmlAttr" /><short value="xml:id (or equivalent in JSON)" /><definition value="unique id for the element within a resource (for internal references). This may be any string value that does not contain spaces." /><comment value="Note that FHIR strings may not exceed 1MB in size" /><min value="0" /><max value="1" /><base><path value="Element.id" /><min value="0" /><max value="1" /></base><type><code value="string" /></type><condition value="ele-1" /><constraint><key value="ele-1" /><severity value="error" /><human value="All FHIR elements must have a @value or children" /><expression value="hasValue() | (children().count() &gt; id.count())" /><xpath value="@value|f:*|h:div" /></constraint><mapping><identity value="rim" /><map value="n/a" /></mapping></element><element id="Extension.extension"><path value="Extension.extension" /><slicing><discriminator><type value="value" /><path value="url" /></discriminator><description value="Extensions are always sliced by (at least) url" /><rules value="open" /></slicing><short value="Additional Content defined by implementations" /><definition value="May be used to represent additional information that is not part of the basic definition of the element. In order to make the use of extensions safe and manageable, there is a strict set of governance  applied to the definition and use of extensions. Though any implementer is allowed to define an extension, there is a set of requirements that SHALL be met as part of the definition of the extension." /><comment value="There can be no stigma associated with the use of extensions by any application, project, or standard - regardless of the institution or jurisdiction that uses or defines the extensions.  The use of extensions is what allows the FHIR specification to retain a core level of simplicity for everyone." /><alias value="extensions" /><alias value="user content" /><min value="0" /><max value="*" /><base><path value="Element.extension" /><min value="0" /><max value="*" /></base><type><code value="Extension" /></type><condition value="ele-1" /><constraint><key value="ele-1" /><severity value="error" /><human value="All FHIR elements must have a @value or children" /><expression value="hasValue() | (children().count() &gt; id.count())" /><xpath value="@value|f:*|h:div" /></constraint><constraint><key value="ext-1" /><severity value="error" /><human value="Must have either extensions or value[x], not both" /><expression value="extension.exists() != value.exists()" /><xpath value="exists(f:extension)!=exists(f:*[starts-with(local-name(.), 'value')])" /></constraint><mapping><identity value="rim" /><map value="n/a" /></mapping><mapping><identity value="rim" /><map value="N/A" /></mapping></element><element id="Extension.extension:BusAckRequested"><path value="Extension.extension" /><sliceName value="BusAckRequested" /><short value="Populated when sender requires a business level response to be returned." /><definition value="May be used to represent additional information that is not part of the basic definition of the element. In order to make the use of extensions safe and manageable, there is a strict set of governance  applied to the definition and use of extensions. Though any implementer is allowed to define an extension, there is a set of requirements that SHALL be met as part of the definition of the extension." /><comment value="There can be no stigma associated with the use of extensions by any application, project, or standard - regardless of the institution or jurisdiction that uses or defines the extensions.  The use of extensions is what allows the FHIR specification to retain a core level of simplicity for everyone." /><alias value="extensions" /><alias value="user content" /><min value="1" /><max value="1" /><base><path value="Element.extension" /><min value="0" /><max value="*" /></base><type><code value="Extension" /></type><condition value="ele-1" /><constraint><key value="ele-1" /><severity value="error" /><human value="All FHIR elements must have a @value or children" /><expression value="hasValue() | (children().count() &gt; id.count())" /><xpath value="@value|f:*|h:div" /></constraint><constraint><key value="ext-1" /><severity value="error" /><human value="Must have either extensions or value[x], not both" /><expression value="extension.exists() != value.exists()" /><xpath value="exists(f:extension)!=exists(f:*[starts-with(local-name(.), 'value')])" /></constraint><mapping><identity value="rim" /><map value="n/a" /></mapping><mapping><identity value="rim" /><map value="N/A" /></mapping></element><element id="Extension.extension:BusAckRequested.id"><path value="Extension.extension.id" /><representation value="xmlAttr" /><short value="xml:id (or equivalent in JSON)" /><definition value="unique id for the element within a resource (for internal references). This may be any string value that does not contain spaces." /><comment value="Note that FHIR strings may not exceed 1MB in size" /><min value="0" /><max value="1" /><base><path value="Element.id" /><min value="0" /><max value="1" /></base><type><code value="string" /></type><condition value="ele-1" /><constraint><key value="ele-1" /><severity value="error" /><human value="All FHIR elements must have a @value or children" /><expression value="hasValue() | (children().count() &gt; id.count())" /><xpath value="@value|f:*|h:div" /></constraint><mapping><identity value="rim" /><map value="n/a" /></mapping></element><element id="Extension.extension:BusAckRequested.extension"><path value="Extension.extension.extension" /><slicing><discriminator><type value="value" /><path value="url" /></discriminator><description value="Extensions are always sliced by (at least) url" /><rules value="open" /></slicing><short value="Additional Content defined by implementations" /><definition value="May be used to represent additional information that is not part of the basic definition of the element. In order to make the use of extensions safe and manageable, there is a strict set of governance  applied to the definition and use of extensions. Though any implementer is allowed to define an extension, there is a set of requirements that SHALL be met as part of the definition of the extension." /><comment value="There can be no stigma associated with the use of extensions by any application, project, or standard - regardless of the institution or jurisdiction that uses or defines the extensions.  The use of extensions is what allows the FHIR specification to retain a core level of simplicity for everyone." /><alias value="extensions" /><alias value="user content" /><min value="0" /><max value="*" /><base><path value="Element.extension" /><min value="0" /><max value="*" /></base><type><code value="Extension" /></type><condition value="ele-1" /><constraint><key value="ele-1" /><severity value="error" /><human value="All FHIR elements must have a @value or children" /><expression value="hasValue() | (children().count() &gt; id.count())" /><xpath value="@value|f:*|h:div" /></constraint><constraint><key value="ext-1" /><severity value="error" /><human value="Must have either extensions or value[x], not both" /><expression value="extension.exists() != value.exists()" /><xpath value="exists(f:extension)!=exists(f:*[starts-with(local-name(.), 'value')])" /></constraint><mapping><identity value="rim" /><map value="n/a" /></mapping><mapping><identity value="rim" /><map value="N/A" /></mapping></element><element id="Extension.extension:BusAckRequested.url"><path value="Extension.extension.url" /><representation value="xmlAttr" /><short value="identifies the meaning of the extension" /><definition value="Source of the definition for the extension code - a logical name or a URL." /><comment value="The definition may point directly to a computable or human-readable definition of the extensibility codes, or it may be a logical URI as declared in some other specification. The definition SHALL be a URI for the Structure Definition defining the extension." /><min value="1" /><max value="1" /><base><path value="Extension.url" /><min value="1" /><max value="1" /></base><type><code value="uri" /></type><fixedUri value="BusAckRequested" /><condition value="ele-1" /><constraint><key value="ele-1" /><severity value="error" /><human value="All FHIR elements must have a @value or children" /><expression value="hasValue() | (children().count() &gt; id.count())" /><xpath value="@value|f:*|h:div" /></constraint><mapping><identity value="rim" /><map value="n/a" /></mapping><mapping><identity value="rim" /><map value="N/A" /></mapping></element><element id="Extension.extension:BusAckRequested.valueBoolean:valueBoolean"><path value="Extension.extension.valueBoolean" /><sliceName value="valueBoolean" /><short value="Value of extension" /><definition value="Value of extension - may be a resource or one of a constrained set of the data types (see Extensibility in the spec for list)." /><comment value="A stream of bytes, base64 encoded" /><min value="1" /><max value="1" /><base><path value="Extension.value[x]" /><min value="0" /><max value="1" /></base><type><code value="boolean" /></type><condition value="ele-1" /><constraint><key value="ele-1" /><severity value="error" /><human value="All FHIR elements must have a @value or children" /><expression value="hasValue() | (children().count() &gt; id.count())" /><xpath value="@value|f:*|h:div" /></constraint><mapping><identity value="rim" /><map value="n/a" /></mapping><mapping><identity value="rim" /><map value="N/A" /></mapping></element><element id="Extension.extension:InfAckRequested"><path value="Extension.extension" /><sliceName value="InfAckRequested" /><short value="Populated when sender requires an infrastructure level response to be returned." /><definition value="May be used to represent additional information that is not part of the basic definition of the element. In order to make the use of extensions safe and manageable, there is a strict set of governance  applied to the definition and use of extensions. Though any implementer is allowed to define an extension, there is a set of requirements that SHALL be met as part of the definition of the extension." /><comment value="There can be no stigma associated with the use of extensions by any application, project, or standard - regardless of the institution or jurisdiction that uses or defines the extensions.  The use of extensions is what allows the FHIR specification to retain a core level of simplicity for everyone." /><alias value="extensions" /><alias value="user content" /><min value="1" /><max value="1" /><base><path value="Element.extension" /><min value="0" /><max value="*" /></base><type><code value="Extension" /></type><condition value="ele-1" /><constraint><key value="ele-1" /><severity value="error" /><human value="All FHIR elements must have a @value or children" /><expression value="hasValue() | (children().count() &gt; id.count())" /><xpath value="@value|f:*|h:div" /></constraint><constraint><key value="ext-1" /><severity value="error" /><human value="Must have either extensions or value[x], not both" /><expression value="extension.exists() != value.exists()" /><xpath value="exists(f:extension)!=exists(f:*[starts-with(local-name(.), 'value')])" /></constraint><mapping><identity value="rim" /><map value="n/a" /></mapping><mapping><identity value="rim" /><map value="N/A" /></mapping></element><element id="Extension.extension:InfAckRequested.id"><path value="Extension.extension.id" /><representation value="xmlAttr" /><short value="xml:id (or equivalent in JSON)" /><definition value="unique id for the element within a resource (for internal references). This may be any string value that does not contain spaces." /><comment value="Note that FHIR strings may not exceed 1MB in size" /><min value="0" /><max value="1" /><base><path value="Element.id" /><min value="0" /><max value="1" /></base><type><code value="string" /></type><condition value="ele-1" /><constraint><key value="ele-1" /><severity value="error" /><human value="All FHIR elements must have a @value or children" /><expression value="hasValue() | (children().count() &gt; id.count())" /><xpath value="@value|f:*|h:div" /></constraint><mapping><identity value="rim" /><map value="n/a" /></mapping></element><element id="Extension.extension:InfAckRequested.extension"><path value="Extension.extension.extension" /><slicing><discriminator><type value="value" /><path value="url" /></discriminator><description value="Extensions are always sliced by (at least) url" /><rules value="open" /></slicing><short value="Additional Content defined by implementations" /><definition value="May be used to represent additional information that is not part of the basic definition of the element. In order to make the use of extensions safe and manageable, there is a strict set of governance  applied to the definition and use of extensions. Though any implementer is allowed to define an extension, there is a set of requirements that SHALL be met as part of the definition of the extension." /><comment value="There can be no stigma associated with the use of extensions by any application, project, or standard - regardless of the institution or jurisdiction that uses or defines the extensions.  The use of extensions is what allows the FHIR specification to retain a core level of simplicity for everyone." /><alias value="extensions" /><alias value="user content" /><min value="0" /><max value="*" /><base><path value="Element.extension" /><min value="0" /><max value="*" /></base><type><code value="Extension" /></type><condition value="ele-1" /><constraint><key value="ele-1" /><severity value="error" /><human value="All FHIR elements must have a @value or children" /><expression value="hasValue() | (children().count() &gt; id.count())" /><xpath value="@value|f:*|h:div" /></constraint><constraint><key value="ext-1" /><severity value="error" /><human value="Must have either extensions or value[x], not both" /><expression value="extension.exists() != value.exists()" /><xpath value="exists(f:extension)!=exists(f:*[starts-with(local-name(.), 'value')])" /></constraint><mapping><identity value="rim" /><map value="n/a" /></mapping><mapping><identity value="rim" /><map value="N/A" /></mapping></element><element id="Extension.extension:InfAckRequested.url"><path value="Extension.extension.url" /><representation value="xmlAttr" /><short value="identifies the meaning of the extension" /><definition value="Source of the definition for the extension code - a logical name or a URL." /><comment value="The definition may point directly to a computable or human-readable definition of the extensibility codes, or it may be a logical URI as declared in some other specification. The definition SHALL be a URI for the Structure Definition defining the extension." /><min value="1" /><max value="1" /><base><path value="Extension.url" /><min value="1" /><max value="1" /></base><type><code value="uri" /></type><fixedUri value="InfAckRequested" /><condition value="ele-1" /><constraint><key value="ele-1" /><severity value="error" /><human value="All FHIR elements must have a @value or children" /><expression value="hasValue() | (children().count() &gt; id.count())" /><xpath value="@value|f:*|h:div" /></constraint><mapping><identity value="rim" /><map value="n/a" /></mapping><mapping><identity value="rim" /><map value="N/A" /></mapping></element><element id="Extension.extension:InfAckRequested.valueBoolean:valueBoolean"><path value="Extension.extension.valueBoolean" /><sliceName value="valueBoolean" /><short value="Value of extension" /><definition value="Value of extension - may be a resource or one of a constrained set of the data types (see Extensibility in the spec for list)." /><comment value="A stream of bytes, base64 encoded" /><min value="1" /><max value="1" /><base><path value="Extension.value[x]" /><min value="0" /><max value="1" /></base><type><code value="boolean" /></type><condition value="ele-1" /><constraint><key value="ele-1" /><severity value="error" /><human value="All FHIR elements must have a @value or children" /><expression value="hasValue() | (children().count() &gt; id.count())" /><xpath value="@value|f:*|h:div" /></constraint><mapping><identity value="rim" /><map value="n/a" /></mapping><mapping><identity value="rim" /><map value="N/A" /></mapping></element><element id="Extension.extension:RecipientType"><path value="Extension.extension" /><sliceName value="RecipientType" /><short value="Indicates the type of recipient." /><definition value="May be used to represent additional information that is not part of the basic definition of the element. In order to make the use of extensions safe and manageable, there is a strict set of governance  applied to the definition and use of extensions. Though any implementer is allowed to define an extension, there is a set of requirements that SHALL be met as part of the definition of the extension." /><comment value="There can be no stigma associated with the use of extensions by any application, project, or standard - regardless of the institution or jurisdiction that uses or defines the extensions.  The use of extensions is what allows the FHIR specification to retain a core level of simplicity for everyone." /><alias value="extensions" /><alias value="user content" /><min value="1" /><max value="1" /><base><path value="Element.extension" /><min value="0" /><max value="*" /></base><type><code value="Extension" /></type><condition value="ele-1" /><constraint><key value="ele-1" /><severity value="error" /><human value="All FHIR elements must have a @value or children" /><expression value="hasValue() | (children().count() &gt; id.count())" /><xpath value="@value|f:*|h:div" /></constraint><constraint><key value="ext-1" /><severity value="error" /><human value="Must have either extensions or value[x], not both" /><expression value="extension.exists() != value.exists()" /><xpath value="exists(f:extension)!=exists(f:*[starts-with(local-name(.), 'value')])" /></constraint><mapping><identity value="rim" /><map value="n/a" /></mapping><mapping><identity value="rim" /><map value="N/A" /></mapping></element><element id="Extension.extension:RecipientType.id"><path value="Extension.extension.id" /><representation value="xmlAttr" /><short value="xml:id (or equivalent in JSON)" /><definition value="unique id for the element within a resource (for internal references). This may be any string value that does not contain spaces." /><comment value="Note that FHIR strings may not exceed 1MB in size" /><min value="0" /><max value="1" /><base><path value="Element.id" /><min value="0" /><max value="1" /></base><type><code value="string" /></type><condition value="ele-1" /><constraint><key value="ele-1" /><severity value="error" /><human value="All FHIR elements must have a @value or children" /><expression value="hasValue() | (children().count() &gt; id.count())" /><xpath value="@value|f:*|h:div" /></constraint><mapping><identity value="rim" /><map value="n/a" /></mapping></element><element id="Extension.extension:RecipientType.extension"><path value="Extension.extension.extension" /><slicing><discriminator><type value="value" /><path value="url" /></discriminator><description value="Extensions are always sliced by (at least) url" /><rules value="open" /></slicing><short value="Additional Content defined by implementations" /><definition value="May be used to represent additional information that is not part of the basic definition of the element. In order to make the use of extensions safe and manageable, there is a strict set of governance  applied to the definition and use of extensions. Though any implementer is allowed to define an extension, there is a set of requirements that SHALL be met as part of the definition of the extension." /><comment value="There can be no stigma associated with the use of extensions by any application, project, or standard - regardless of the institution or jurisdiction that uses or defines the extensions.  The use of extensions is what allows the FHIR specification to retain a core level of simplicity for everyone." /><alias value="extensions" /><alias value="user content" /><min value="0" /><max value="*" /><base><path value="Element.extension" /><min value="0" /><max value="*" /></base><type><code value="Extension" /></type><condition value="ele-1" /><constraint><key value="ele-1" /><severity value="error" /><human value="All FHIR elements must have a @value or children" /><expression value="hasValue() | (children().count() &gt; id.count())" /><xpath value="@value|f:*|h:div" /></constraint><constraint><key value="ext-1" /><severity value="error" /><human value="Must have either extensions or value[x], not both" /><expression value="extension.exists() != value.exists()" /><xpath value="exists(f:extension)!=exists(f:*[starts-with(local-name(.), 'value')])" /></constraint><mapping><identity value="rim" /><map value="n/a" /></mapping><mapping><identity value="rim" /><map value="N/A" /></mapping></element><element id="Extension.extension:RecipientType.url"><path value="Extension.extension.url" /><representation value="xmlAttr" /><short value="identifies the meaning of the extension" /><definition value="Source of the definition for the extension code - a logical name or a URL." /><comment value="The definition may point directly to a computable or human-readable definition of the extensibility codes, or it may be a logical URI as declared in some other specification. The definition SHALL be a URI for the Structure Definition defining the extension." /><min value="1" /><max value="1" /><base><path value="Extension.url" /><min value="1" /><max value="1" /></base><type><code value="uri" /></type><fixedUri value="RecipientType" /><condition value="ele-1" /><constraint><key value="ele-1" /><severity value="error" /><human value="All FHIR elements must have a @value or children" /><expression value="hasValue() | (children().count() &gt; id.count())" /><xpath value="@value|f:*|h:div" /></constraint><mapping><identity value="rim" /><map value="n/a" /></mapping><mapping><identity value="rim" /><map value="N/A" /></mapping></element><element id="Extension.extension:RecipientType.value[x]:valueCoding"><path value="Extension.extension.valueCoding" /><sliceName value="valueCoding" /><short value="Value of extension" /><definition value="Value of extension - may be a resource or one of a constrained set of the data types (see Extensibility in the spec for list)." /><comment value="A stream of bytes, base64 encoded" /><min value="1" /><max value="1" /><base><path value="Extension.value[x]" /><min value="0" /><max value="1" /></base><type><code value="Coding" /></type><condition value="ele-1" /><constraint><key value="ele-1" /><severity value="error" /><human value="All FHIR elements must have a @value or children" /><expression value="hasValue() | (children().count() &gt; id.count())" /><xpath value="@value|f:*|h:div" /></constraint><binding><strength value="required" /><description value="A set of codes to describe if the recipient has been sent the payload for action or for information." /><valueSetReference><reference value="https://fhir.nhs.uk/STU3/ValueSet/ITK-RecipientType-1" /></valueSetReference></binding><mapping><identity value="rim" /><map value="n/a" /></mapping><mapping><identity value="rim" /><map value="N/A" /></mapping></element><element id="Extension.extension:RecipientType.value[x]:valueCoding.id"><path value="Extension.extension.valueCoding.id" /><representation value="xmlAttr" /><short value="xml:id (or equivalent in JSON)" /><definition value="unique id for the element within a resource (for internal references). This may be any string value that does not contain spaces." /><comment value="Note that FHIR strings may not exceed 1MB in size" /><min value="0" /><max value="1" /><base><path value="Element.id" /><min value="0" /><max value="1" /></base><type><code value="string" /></type><condition value="ele-1" /><constraint><key value="ele-1" /><severity value="error" /><human value="All FHIR elements must have a @value or children" /><expression value="hasValue() | (children().count() &gt; id.count())" /><xpath value="@value|f:*|h:div" /></constraint><mapping><identity value="rim" /><map value="n/a" /></mapping></element><element id="Extension.extension:RecipientType.value[x]:valueCoding.extension"><path value="Extension.extension.valueCoding.extension" /><slicing><discriminator><type value="value" /><path value="url" /></discriminator><description value="Extensions are always sliced by (at least) url" /><rules value="open" /></slicing><short value="Additional Content defined by implementations" /><definition value="May be used to represent additional information that is not part of the basic definition of the element. In order to make the use of extensions safe and manageable, there is a strict set of governance  applied to the definition and use of extensions. Though any implementer is allowed to define an extension, there is a set of requirements that SHALL be met as part of the definition of the extension." /><comment value="There can be no stigma associated with the use of extensions by any application, project, or standard - regardless of the institution or jurisdiction that uses or defines the extensions.  The use of extensions is what allows the FHIR specification to retain a core level of simplicity for everyone." /><alias value="extensions" /><alias value="user content" /><min value="0" /><max value="*" /><base><path value="Element.extension" /><min value="0" /><max value="*" /></base><type><code value="Extension" /></type><condition value="ele-1" /><constraint><key value="ele-1" /><severity value="error" /><human value="All FHIR elements must have a @value or children" /><expression value="hasValue() | (children().count() &gt; id.count())" /><xpath value="@value|f:*|h:div" /></constraint><constraint><key value="ext-1" /><severity value="error" /><human value="Must have either extensions or value[x], not both" /><expression value="extension.exists() != value.exists()" /><xpath value="exists(f:extension)!=exists(f:*[starts-with(local-name(.), 'value')])" /></constraint><mapping><identity value="rim" /><map value="n/a" /></mapping><mapping><identity value="rim" /><map value="N/A" /></mapping></element><element id="Extension.extension:RecipientType.valueCoding:valueCoding.system"><path value="Extension.extension.valueCoding.system" /><short value="Identity of the terminology system" /><definition value="The identification of the code system that defines the meaning of the symbol in the code." /><comment value="The URI may be an OID (urn:oid:...) or a UUID (urn:uuid:...).  OIDs and UUIDs SHALL be references to the HL7 OID registry. Otherwise, the URI should come from HL7's list of FHIR defined special URIs or it should de-reference to some definition that establish the system clearly and unambiguously." /><requirements value="Need to be unambiguous about the source of the definition of the symbol." /><min value="1" /><max value="1" /><base><path value="Coding.system" /><min value="0" /><max value="1" /></base><type><code value="uri" /></type><fixedUri value="https://fhir.nhs.uk/STU3/CodeSystem/ITK-RecipientType-1" /><condition value="ele-1" /><constraint><key value="ele-1" /><severity value="error" /><human value="All FHIR elements must have a @value or children" /><expression value="hasValue() | (children().count() &gt; id.count())" /><xpath value="@value|f:*|h:div" /></constraint><isSummary value="true" /><mapping><identity value="rim" /><map value="n/a" /></mapping><mapping><identity value="v2" /><map value="C*E.3" /></mapping><mapping><identity value="rim" /><map value="./codeSystem" /></mapping><mapping><identity value="orim" /><map value="fhir:Coding.system rdfs:subPropertyOf dt:CDCoding.codeSystem" /></mapping></element><element id="Extension.extension:RecipientType.valueCoding:valueCoding.version"><path value="Extension.extension.valueCoding.version" /><short value="Version of the system - if relevant" /><definition value="The version of the code system which was used when choosing this code. Note that a well-maintained code system does not need the version reported, because the meaning of codes is consistent across versions. However this cannot consistently be assured. and when the meaning is not guaranteed to be consistent, the version SHOULD be exchanged." /><comment value="Where the terminology does not clearly define what string should be used to identify code system versions, the recommendation is to use the date (expressed in FHIR date format) on which that version was officially published as the version date." /><min value="0" /><max value="0" /><base><path value="Coding.version" /><min value="0" /><max value="1" /></base><type><code value="string" /></type><condition value="ele-1" /><constraint><key value="ele-1" /><severity value="error" /><human value="All FHIR elements must have a @value or children" /><expression value="hasValue() | (children().count() &gt; id.count())" /><xpath value="@value|f:*|h:div" /></constraint><isSummary value="true" /><mapping><identity value="rim" /><map value="n/a" /></mapping><mapping><identity value="v2" /><map value="C*E.7" /></mapping><mapping><identity value="rim" /><map value="./codeSystemVersion" /></mapping><mapping><identity value="orim" /><map value="fhir:Coding.version rdfs:subPropertyOf dt:CDCoding.codeSystemVersion" /></mapping></element><element id="Extension.extension:RecipientType.valueCoding:valueCoding.code"><path value="Extension.extension.valueCoding.code" /><short value="Symbol in syntax defined by the system" /><definition value="A symbol in syntax defined by the system. The symbol may be a predefined code or an expression in a syntax defined by the coding system (e.g. post-coordination)." /><comment value="Note that FHIR strings may not exceed 1MB in size" /><requirements value="Need to refer to a particular code in the system." /><min value="1" /><max value="1" /><base><path value="Coding.code" /><min value="0" /><max value="1" /></base><type><code value="code" /></type><condition value="ele-1" /><constraint><key value="ele-1" /><severity value="error" /><human value="All FHIR elements must have a @value or children" /><expression value="hasValue() | (children().count() &gt; id.count())" /><xpath value="@value|f:*|h:div" /></constraint><isSummary value="true" /><mapping><identity value="rim" /><map value="n/a" /></mapping><mapping><identity value="v2" /><map value="C*E.1" /></mapping><mapping><identity value="rim" /><map value="./code" /></mapping><mapping><identity value="orim" /><map value="fhir:Coding.code rdfs:subPropertyOf dt:CDCoding.code" /></mapping></element><element id="Extension.extension:RecipientType.valueCoding:valueCoding.display"><extension url="http://hl7.org/fhir/StructureDefinition/elementdefinition-translatable"><valueBoolean value="true" /></extension><path value="Extension.extension.valueCoding.display" /><short value="Representation defined by the system" /><definition value="A representation of the meaning of the code in the system, following the rules of the system." /><comment value="Note that FHIR strings may not exceed 1MB in size" /><requirements value="Need to be able to carry a human-readable meaning of the code for readers that do not know  the system." /><min value="1" /><max value="1" /><base><path value="Coding.display" /><min value="0" /><max value="1" /></base><type><code value="string" /></type><condition value="ele-1" /><constraint><key value="ele-1" /><severity value="error" /><human value="All FHIR elements must have a @value or children" /><expression value="hasValue() | (children().count() &gt; id.count())" /><xpath value="@value|f:*|h:div" /></constraint><isSummary value="true" /><mapping><identity value="rim" /><map value="n/a" /></mapping><mapping><identity value="v2" /><map value="C*E.2 - but note this is not well followed" /></mapping><mapping><identity value="rim" /><map value="CV.displayName" /></mapping><mapping><identity value="orim" /><map value="fhir:Coding.display rdfs:subPropertyOf dt:CDCoding.displayName" /></mapping></element><element id="Extension.extension:RecipientType.valueCoding:valueCoding.userSelected"><path value="Extension.extension.valueCoding.userSelected" /><short value="If this coding was chosen directly by the user" /><definition value="Indicates that this coding was chosen by a user directly - i.e. off a pick list of available items (codes or displays)." /><comment value="Amongst a set of alternatives, a directly chosen code is the most appropriate starting point for new translations. There is some ambiguity about what exactly 'directly chosen' implies, and trading partner agreement may be needed to clarify the use of this element and its consequences more completely." /><requirements value="This has been identified as a clinical safety criterium - that this exact system/code pair was chosen explicitly, rather than inferred by the system based on some rules or language processing." /><min value="0" /><max value="0" /><base><path value="Coding.userSelected" /><min value="0" /><max value="1" /></base><type><code value="boolean" /></type><condition value="ele-1" /><constraint><key value="ele-1" /><severity value="error" /><human value="All FHIR elements must have a @value or children" /><expression value="hasValue() | (children().count() &gt; id.count())" /><xpath value="@value|f:*|h:div" /></constraint><isSummary value="true" /><mapping><identity value="rim" /><map value="n/a" /></mapping><mapping><identity value="v2" /><map value="Sometimes implied by being first" /></mapping><mapping><identity value="rim" /><map value="CD.codingRationale" /></mapping><mapping><identity value="orim" /><map value="fhir:Coding.userSelected fhir:mapsTo dt:CDCoding.codingRationale. fhir:Coding.userSelected fhir:hasMap fhir:Coding.userSelected.map. fhir:Coding.userSelected.map a fhir:Map;   fhir:target dt:CDCoding.codingRationale. fhir:Coding.userSelected\#true a [     fhir:source &quot;true&quot;;     fhir:target dt:CDCoding.codingRationale\#O   ]" /></mapping></element><element id="Extension.extension:MessageDefinition"><path value="Extension.extension" /><sliceName value="MessageDefinition" /><short value="A reference to a URL for the MessageDefinition for the payload, which can be any message definition instance which conforms to the ITK message definition profile.   This MessageDefinition will detail the information to allow correct processing of the payload, such as profiles used, message event type, profiles used, responses allowed/ required etc.." /><definition value="May be used to represent additional information that is not part of the basic definition of the element. In order to make the use of extensions safe and manageable, there is a strict set of governance  applied to the definition and use of extensions. Though any implementer is allowed to define an extension, there is a set of requirements that SHALL be met as part of the definition of the extension." /><comment value="There can be no stigma associated with the use of extensions by any application, project, or standard - regardless of the institution or jurisdiction that uses or defines the extensions.  The use of extensions is what allows the FHIR specification to retain a core level of simplicity for everyone." /><alias value="extensions" /><alias value="user content" /><min value="1" /><max value="1" /><base><path value="Element.extension" /><min value="0" /><max value="*" /></base><type><code value="Extension" /></type><condition value="ele-1" /><constraint><key value="ele-1" /><severity value="error" /><human value="All FHIR elements must have a @value or children" /><expression value="hasValue() | (children().count() &gt; id.count())" /><xpath value="@value|f:*|h:div" /></constraint><constraint><key value="ext-1" /><severity value="error" /><human value="Must have either extensions or value[x], not both" /><expression value="extension.exists() != value.exists()" /><xpath value="exists(f:extension)!=exists(f:*[starts-with(local-name(.), 'value')])" /></constraint><mapping><identity value="rim" /><map value="n/a" /></mapping><mapping><identity value="rim" /><map value="N/A" /></mapping></element><element id="Extension.extension:MessageDefinition.id"><path value="Extension.extension.id" /><representation value="xmlAttr" /><short value="xml:id (or equivalent in JSON)" /><definition value="unique id for the element within a resource (for internal references). This may be any string value that does not contain spaces." /><comment value="Note that FHIR strings may not exceed 1MB in size" /><min value="0" /><max value="1" /><base><path value="Element.id" /><min value="0" /><max value="1" /></base><type><code value="string" /></type><condition value="ele-1" /><constraint><key value="ele-1" /><severity value="error" /><human value="All FHIR elements must have a @value or children" /><expression value="hasValue() | (children().count() &gt; id.count())" /><xpath value="@value|f:*|h:div" /></constraint><mapping><identity value="rim" /><map value="n/a" /></mapping></element><element id="Extension.extension:MessageDefinition.extension"><path value="Extension.extension.extension" /><slicing><discriminator><type value="value" /><path value="url" /></discriminator><description value="Extensions are always sliced by (at least) url" /><rules value="open" /></slicing><short value="Additional Content defined by implementations" /><definition value="May be used to represent additional information that is not part of the basic definition of the element. In order to make the use of extensions safe and manageable, there is a strict set of governance  applied to the definition and use of extensions. Though any implementer is allowed to define an extension, there is a set of requirements that SHALL be met as part of the definition of the extension." /><comment value="There can be no stigma associated with the use of extensions by any application, project, or standard - regardless of the institution or jurisdiction that uses or defines the extensions.  The use of extensions is what allows the FHIR specification to retain a core level of simplicity for everyone." /><alias value="extensions" /><alias value="user content" /><min value="0" /><max value="*" /><base><path value="Element.extension" /><min value="0" /><max value="*" /></base><type><code value="Extension" /></type><condition value="ele-1" /><constraint><key value="ele-1" /><severity value="error" /><human value="All FHIR elements must have a @value or children" /><expression value="hasValue() | (children().count() &gt; id.count())" /><xpath value="@value|f:*|h:div" /></constraint><constraint><key value="ext-1" /><severity value="error" /><human value="Must have either extensions or value[x], not both" /><expression value="extension.exists() != value.exists()" /><xpath value="exists(f:extension)!=exists(f:*[starts-with(local-name(.), 'value')])" /></constraint><mapping><identity value="rim" /><map value="n/a" /></mapping><mapping><identity value="rim" /><map value="N/A" /></mapping></element><element id="Extension.extension:MessageDefinition.url"><path value="Extension.extension.url" /><representation value="xmlAttr" /><short value="identifies the meaning of the extension" /><definition value="Source of the definition for the extension code - a logical name or a URL." /><comment value="The definition may point directly to a computable or human-readable definition of the extensibility codes, or it may be a logical URI as declared in some other specification. The definition SHALL be a URI for the Structure Definition defining the extension." /><min value="1" /><max value="1" /><base><path value="Extension.url" /><min value="1" /><max value="1" /></base><type><code value="uri" /></type><fixedUri value="MessageDefinition" /><condition value="ele-1" /><constraint><key value="ele-1" /><severity value="error" /><human value="All FHIR elements must have a @value or children" /><expression value="hasValue() | (children().count() &gt; id.count())" /><xpath value="@value|f:*|h:div" /></constraint><mapping><identity value="rim" /><map value="n/a" /></mapping><mapping><identity value="rim" /><map value="N/A" /></mapping></element><element id="Extension.extension:MessageDefinition.value[x]:valueReference"><path value="Extension.extension.valueReference" /><sliceName value="valueReference" /><short value="Value of extension" /><definition value="Value of extension - may be a resource or one of a constrained set of the data types (see Extensibility in the spec for list)." /><comment value="A stream of bytes, base64 encoded" /><min value="1" /><max value="1" /><base><path value="Extension.value[x]" /><min value="0" /><max value="1" /></base><type><code value="Reference" /></type><condition value="ele-1" /><constraint><key value="ele-1" /><severity value="error" /><human value="All FHIR elements must have a @value or children" /><expression value="hasValue() | (children().count() &gt; id.count())" /><xpath value="@value|f:*|h:div" /></constraint><mapping><identity value="rim" /><map value="n/a" /></mapping><mapping><identity value="rim" /><map value="N/A" /></mapping></element><element id="Extension.extension:MessageDefinition.value[x]:valueReference.id"><path value="Extension.extension.valueReference.id" /><representation value="xmlAttr" /><short value="xml:id (or equivalent in JSON)" /><definition value="unique id for the element within a resource (for internal references). This may be any string value that does not contain spaces." /><comment value="Note that FHIR strings may not exceed 1MB in size" /><min value="0" /><max value="1" /><base><path value="Element.id" /><min value="0" /><max value="1" /></base><type><code value="string" /></type><condition value="ele-1" /><constraint><key value="ele-1" /><severity value="error" /><human value="All FHIR elements must have a @value or children" /><expression value="hasValue() | (children().count() &gt; id.count())" /><xpath value="@value|f:*|h:div" /></constraint><mapping><identity value="rim" /><map value="n/a" /></mapping></element><element id="Extension.extension:MessageDefinition.value[x]:valueReference.extension"><path value="Extension.extension.valueReference.extension" /><slicing><discriminator><type value="value" /><path value="url" /></discriminator><description value="Extensions are always sliced by (at least) url" /><rules value="open" /></slicing><short value="Additional Content defined by implementations" /><definition value="May be used to represent additional information that is not part of the basic definition of the element. In order to make the use of extensions safe and manageable, there is a strict set of governance  applied to the definition and use of extensions. Though any implementer is allowed to define an extension, there is a set of requirements that SHALL be met as part of the definition of the extension." /><comment value="There can be no stigma associated with the use of extensions by any application, project, or standard - regardless of the institution or jurisdiction that uses or defines the extensions.  The use of extensions is what allows the FHIR specification to retain a core level of simplicity for everyone." /><alias value="extensions" /><alias value="user content" /><min value="0" /><max value="*" /><base><path value="Element.extension" /><min value="0" /><max value="*" /></base><type><code value="Extension" /></type><condition value="ele-1" /><constraint><key value="ele-1" /><severity value="error" /><human value="All FHIR elements must have a @value or children" /><expression value="hasValue() | (children().count() &gt; id.count())" /><xpath value="@value|f:*|h:div" /></constraint><constraint><key value="ext-1" /><severity value="error" /><human value="Must have either extensions or value[x], not both" /><expression value="extension.exists() != value.exists()" /><xpath value="exists(f:extension)!=exists(f:*[starts-with(local-name(.), 'value')])" /></constraint><mapping><identity value="rim" /><map value="n/a" /></mapping><mapping><identity value="rim" /><map value="N/A" /></mapping></element><element id="Extension.extension:MessageDefinition.valueReference:valueReference.reference"><path value="Extension.extension.valueReference.reference" /><short value="Literal reference, Relative, internal or absolute URL" /><definition value="A reference to a location at which the other resource is found. The reference may be a relative reference, in which case it is relative to the service base URL, or an absolute URL that resolves to the location where the resource is found. The reference may be version specific or not. If the reference is not to a FHIR RESTful server, then it should be assumed to be version specific. Internal fragment references (start with '#') refer to contained resources." /><comment value="Using absolute URLs provides a stable scalable approach suitable for a cloud/web context, while using relative/logical references provides a flexible approach suitable for use when trading across closed eco-system boundaries.   Absolute URLs do not need to point to a FHIR RESTful server, though this is the preferred approach. If the URL conforms to the structure &quot;/[type]/[id]&quot; then it should be assumed that the reference is to a FHIR RESTful server." /><min value="1" /><max value="1" /><base><path value="Reference.reference" /><min value="0" /><max value="1" /></base><type><code value="string" /></type><condition value="ele-1" /><condition value="ref-1" /><constraint><key value="ele-1" /><severity value="error" /><human value="All FHIR elements must have a @value or children" /><expression value="hasValue() | (children().count() &gt; id.count())" /><xpath value="@value|f:*|h:div" /></constraint><isSummary value="true" /><mapping><identity value="rim" /><map value="n/a" /></mapping><mapping><identity value="rim" /><map value="N/A" /></mapping></element><element id="Extension.extension:MessageDefinition.valueReference:valueReference.identifier"><path value="Extension.extension.valueReference.identifier" /><short value="Logical reference, when literal reference is not known" /><definition value="An identifier for the other resource. This is used when there is no way to reference the other resource directly, either because the entity is not available through a FHIR server, or because there is no way for the author of the resource to convert a known identifier to an actual location. There is no requirement that a Reference.identifier point to something that is actually exposed as a FHIR instance, but it SHALL point to a business concept that would be expected to be exposed as a FHIR instance, and that instance would need to be of a FHIR resource type allowed by the reference." /><comment value="When an identifier is provided in place of a reference, any system processing the reference will only be able to resolve the identifier to a reference if it understands the business context in which the identifier is used. Sometimes this is global (e.g. a national identifier) but often it is not. For this reason, none of the useful mechanisms described for working with references (e.g. chaining, includes) are possible, nor should servers be expected to be able resolve the reference. Servers may accept an identifier based reference untouched, resolve it, and/or reject it - see CapabilityStatement.rest.resource.referencePolicy.   When both an identifier and a literal reference are provided, the literal reference is preferred. Applications processing the resource are allowed - but not required - to check that the identifier matches the literal reference  Applications converting a logical reference to a literal reference may choose to leave the logical reference present, or remove it." /><min value="0" /><max value="0" /><base><path value="Reference.identifier" /><min value="0" /><max value="1" /></base><type><code value="Identifier" /></type><condition value="ele-1" /><constraint><key value="ele-1" /><severity value="error" /><human value="All FHIR elements must have a @value or children" /><expression value="hasValue() | (children().count() &gt; id.count())" /><xpath value="@value|f:*|h:div" /></constraint><isSummary value="true" /><mapping><identity value="rim" /><map value="n/a" /></mapping><mapping><identity value="v2" /><map value="CX / EI (occasionally, more often EI maps to a resource id or a URL)" /></mapping><mapping><identity value="rim" /><map value="II - see see identifier pattern at http://wiki.hl7.org/index.php?title=Common_Design_Patterns#Identifier_Pattern for relevant discussion. The Identifier class is a little looser than the v3 type II because it allows URIs as well as registered OIDs or GUIDs.  Also maps to Role[classCode=IDENT]" /></mapping><mapping><identity value="servd" /><map value="Identifier" /></mapping><mapping><identity value="rim" /><map value=".identifier" /></mapping></element><element id="Extension.extension:MessageDefinition.valueReference:valueReference.display"><extension url="http://hl7.org/fhir/StructureDefinition/elementdefinition-translatable"><valueBoolean value="true" /></extension><path value="Extension.extension.valueReference.display" /><short value="Text alternative for the resource" /><definition value="Plain text narrative that identifies the resource in addition to the resource reference." /><comment value="This is generally not the same as the Resource.text of the referenced resource.  The purpose is to identify what's being referenced, not to fully describe it." /><min value="0" /><max value="0" /><base><path value="Reference.display" /><min value="0" /><max value="1" /></base><type><code value="string" /></type><condition value="ele-1" /><constraint><key value="ele-1" /><severity value="error" /><human value="All FHIR elements must have a @value or children" /><expression value="hasValue() | (children().count() &gt; id.count())" /><xpath value="@value|f:*|h:div" /></constraint><isSummary value="true" /><mapping><identity value="rim" /><map value="n/a" /></mapping><mapping><identity value="rim" /><map value="N/A" /></mapping></element><element id="Extension.extension:SenderReference"><path value="Extension.extension" /><sliceName value="SenderReference" /><short value="A reference that the sender includes and wants returned in any response. " /><definition value="May be used to represent additional information that is not part of the basic definition of the element. In order to make the use of extensions safe and manageable, there is a strict set of governance  applied to the definition and use of extensions. Though any implementer is allowed to define an extension, there is a set of requirements that SHALL be met as part of the definition of the extension." /><comment value="There can be no stigma associated with the use of extensions by any application, project, or standard - regardless of the institution or jurisdiction that uses or defines the extensions.  The use of extensions is what allows the FHIR specification to retain a core level of simplicity for everyone." /><alias value="extensions" /><alias value="user content" /><min value="1" /><max value="1" /><base><path value="Element.extension" /><min value="0" /><max value="*" /></base><type><code value="Extension" /></type><condition value="ele-1" /><constraint><key value="ele-1" /><severity value="error" /><human value="All FHIR elements must have a @value or children" /><expression value="hasValue() | (children().count() &gt; id.count())" /><xpath value="@value|f:*|h:div" /></constraint><constraint><key value="ext-1" /><severity value="error" /><human value="Must have either extensions or value[x], not both" /><expression value="extension.exists() != value.exists()" /><xpath value="exists(f:extension)!=exists(f:*[starts-with(local-name(.), 'value')])" /></constraint><mapping><identity value="rim" /><map value="n/a" /></mapping><mapping><identity value="rim" /><map value="N/A" /></mapping></element><element id="Extension.extension:SenderReference.id"><path value="Extension.extension.id" /><representation value="xmlAttr" /><short value="xml:id (or equivalent in JSON)" /><definition value="unique id for the element within a resource (for internal references). This may be any string value that does not contain spaces." /><comment value="Note that FHIR strings may not exceed 1MB in size" /><min value="0" /><max value="1" /><base><path value="Element.id" /><min value="0" /><max value="1" /></base><type><code value="string" /></type><condition value="ele-1" /><constraint><key value="ele-1" /><severity value="error" /><human value="All FHIR elements must have a @value or children" /><expression value="hasValue() | (children().count() &gt; id.count())" /><xpath value="@value|f:*|h:div" /></constraint><mapping><identity value="rim" /><map value="n/a" /></mapping></element><element id="Extension.extension:SenderReference.extension"><path value="Extension.extension.extension" /><slicing><discriminator><type value="value" /><path value="url" /></discriminator><description value="Extensions are always sliced by (at least) url" /><rules value="open" /></slicing><short value="Additional Content defined by implementations" /><definition value="May be used to represent additional information that is not part of the basic definition of the element. In order to make the use of extensions safe and manageable, there is a strict set of governance  applied to the definition and use of extensions. Though any implementer is allowed to define an extension, there is a set of requirements that SHALL be met as part of the definition of the extension." /><comment value="There can be no stigma associated with the use of extensions by any application, project, or standard - regardless of the institution or jurisdiction that uses or defines the extensions.  The use of extensions is what allows the FHIR specification to retain a core level of simplicity for everyone." /><alias value="extensions" /><alias value="user content" /><min value="0" /><max value="*" /><base><path value="Element.extension" /><min value="0" /><max value="*" /></base><type><code value="Extension" /></type><condition value="ele-1" /><constraint><key value="ele-1" /><severity value="error" /><human value="All FHIR elements must have a @value or children" /><expression value="hasValue() | (children().count() &gt; id.count())" /><xpath value="@value|f:*|h:div" /></constraint><constraint><key value="ext-1" /><severity value="error" /><human value="Must have either extensions or value[x], not both" /><expression value="extension.exists() != value.exists()" /><xpath value="exists(f:extension)!=exists(f:*[starts-with(local-name(.), 'value')])" /></constraint><mapping><identity value="rim" /><map value="n/a" /></mapping><mapping><identity value="rim" /><map value="N/A" /></mapping></element><element id="Extension.extension:SenderReference.url"><path value="Extension.extension.url" /><representation value="xmlAttr" /><short value="identifies the meaning of the extension" /><definition value="Source of the definition for the extension code - a logical name or a URL." /><comment value="The definition may point directly to a computable or human-readable definition of the extensibility codes, or it may be a logical URI as declared in some other specification. The definition SHALL be a URI for the Structure Definition defining the extension." /><min value="1" /><max value="1" /><base><path value="Extension.url" /><min value="1" /><max value="1" /></base><type><code value="uri" /></type><fixedUri value="SenderReference" /><condition value="ele-1" /><constraint><key value="ele-1" /><severity value="error" /><human value="All FHIR elements must have a @value or children" /><expression value="hasValue() | (children().count() &gt; id.count())" /><xpath value="@value|f:*|h:div" /></constraint><mapping><identity value="rim" /><map value="n/a" /></mapping><mapping><identity value="rim" /><map value="N/A" /></mapping></element><element id="Extension.extension:SenderReference.valueString:valueString"><path value="Extension.extension.valueString" /><sliceName value="valueString" /><short value="Value of extension" /><definition value="Value of extension - may be a resource or one of a constrained set of the data types (see Extensibility in the spec for list)." /><comment value="A stream of bytes, base64 encoded" /><min value="1" /><max value="1" /><base><path value="Extension.value[x]" /><min value="0" /><max value="1" /></base><type><code value="string" /></type><maxLength value="255" /><condition value="ele-1" /><constraint><key value="ele-1" /><severity value="error" /><human value="All FHIR elements must have a @value or children" /><expression value="hasValue() | (children().count() &gt; id.count())" /><xpath value="@value|f:*|h:div" /></constraint><mapping><identity value="rim" /><map value="n/a" /></mapping><mapping><identity value="rim" /><map value="N/A" /></mapping></element><element id="Extension.extension:LocalExtension"><path value="Extension.extension" /><sliceName value="LocalExtension" /><short value="Additional Content defined by implementations" /><definition value="May be used to represent additional information that is not part of the basic definition of the element. In order to make the use of extensions safe and manageable, there is a strict set of governance  applied to the definition and use of extensions. Though any implementer is allowed to define an extension, there is a set of requirements that SHALL be met as part of the definition of the extension." /><comment value="There can be no stigma associated with the use of extensions by any application, project, or standard - regardless of the institution or jurisdiction that uses or defines the extensions.  The use of extensions is what allows the FHIR specification to retain a core level of simplicity for everyone." /><alias value="extensions" /><alias value="user content" /><min value="1" /><max value="1" /><base><path value="Element.extension" /><min value="0" /><max value="*" /></base><type><code value="Extension" /></type><condition value="ele-1" /><constraint><key value="ele-1" /><severity value="error" /><human value="All FHIR elements must have a @value or children" /><expression value="hasValue() | (children().count() &gt; id.count())" /><xpath value="@value|f:*|h:div" /></constraint><constraint><key value="ext-1" /><severity value="error" /><human value="Must have either extensions or value[x], not both" /><expression value="extension.exists() != value.exists()" /><xpath value="exists(f:extension)!=exists(f:*[starts-with(local-name(.), 'value')])" /></constraint><mapping><identity value="rim" /><map value="n/a" /></mapping><mapping><identity value="rim" /><map value="N/A" /></mapping></element><element id="Extension.extension:LocalExtension.id"><path value="Extension.extension.id" /><representation value="xmlAttr" /><short value="xml:id (or equivalent in JSON)" /><definition value="unique id for the element within a resource (for internal references). This may be any string value that does not contain spaces." /><comment value="Note that FHIR strings may not exceed 1MB in size" /><min value="0" /><max value="1" /><base><path value="Element.id" /><min value="0" /><max value="1" /></base><type><code value="string" /></type><condition value="ele-1" /><constraint><key value="ele-1" /><severity value="error" /><human value="All FHIR elements must have a @value or children" /><expression value="hasValue() | (children().count() &gt; id.count())" /><xpath value="@value|f:*|h:div" /></constraint><mapping><identity value="rim" /><map value="n/a" /></mapping></element><element id="Extension.extension:LocalExtension.extension"><path value="Extension.extension.extension" /><slicing><discriminator><type value="value" /><path value="url" /></discriminator><description value="Extensions are always sliced by (at least) url" /><rules value="open" /></slicing><short value="Additional Content defined by implementations" /><definition value="May be used to represent additional information that is not part of the basic definition of the element. In order to make the use of extensions safe and manageable, there is a strict set of governance  applied to the definition and use of extensions. Though any implementer is allowed to define an extension, there is a set of requirements that SHALL be met as part of the definition of the extension." /><comment value="There can be no stigma associated with the use of extensions by any application, project, or standard - regardless of the institution or jurisdiction that uses or defines the extensions.  The use of extensions is what allows the FHIR specification to retain a core level of simplicity for everyone." /><alias value="extensions" /><alias value="user content" /><min value="0" /><max value="*" /><base><path value="Element.extension" /><min value="0" /><max value="*" /></base><type><code value="Extension" /></type><condition value="ele-1" /><constraint><key value="ele-1" /><severity value="error" /><human value="All FHIR elements must have a @value or children" /><expression value="hasValue() | (children().count() &gt; id.count())" /><xpath value="@value|f:*|h:div" /></constraint><constraint><key value="ext-1" /><severity value="error" /><human value="Must have either extensions or value[x], not both" /><expression value="extension.exists() != value.exists()" /><xpath value="exists(f:extension)!=exists(f:*[starts-with(local-name(.), 'value')])" /></constraint><mapping><identity value="rim" /><map value="n/a" /></mapping><mapping><identity value="rim" /><map value="N/A" /></mapping></element><element id="Extension.extension:LocalExtension.url"><path value="Extension.extension.url" /><representation value="xmlAttr" /><short value="identifies the meaning of the extension" /><definition value="Source of the definition for the extension code - a logical name or a URL." /><comment value="The definition may point directly to a computable or human-readable definition of the extensibility codes, or it may be a logical URI as declared in some other specification. The definition SHALL be a URI for the Structure Definition defining the extension." /><min value="1" /><max value="1" /><base><path value="Extension.url" /><min value="1" /><max value="1" /></base><type><code value="uri" /></type><fixedUri value="LocalExtension" /><condition value="ele-1" /><constraint><key value="ele-1" /><severity value="error" /><human value="All FHIR elements must have a @value or children" /><expression value="hasValue() | (children().count() &gt; id.count())" /><xpath value="@value|f:*|h:div" /></constraint><mapping><identity value="rim" /><map value="n/a" /></mapping><mapping><identity value="rim" /><map value="N/A" /></mapping></element><element id="Extension.extension:LocalExtension.value[x]"><path value="Extension.extension.value[x]" /><short value="Value of extension" /><definition value="Value of extension - may be a resource or one of a constrained set of the data types (see Extensibility in the spec for list)." /><comment value="A stream of bytes, base64 encoded" /><min value="1" /><max value="1" /><base><path value="Extension.value[x]" /><min value="0" /><max value="1" /></base><type><code value="base64Binary" /></type><type><code value="boolean" /></type><type><code value="code" /></type><type><code value="date" /></type><type><code value="dateTime" /></type><type><code value="decimal" /></type><type><code value="id" /></type><type><code value="instant" /></type><type><code value="integer" /></type><type><code value="markdown" /></type><type><code value="oid" /></type><type><code value="positiveInt" /></type><type><code value="string" /></type><type><code value="time" /></type><type><code value="unsignedInt" /></type><type><code value="uri" /></type><type><code value="Address" /></type><type><code value="Age" /></type><type><code value="Annotation" /></type><type><code value="Attachment" /></type><type><code value="CodeableConcept" /></type><type><code value="Coding" /></type><type><code value="ContactPoint" /></type><type><code value="Count" /></type><type><code value="Distance" /></type><type><code value="Duration" /></type><type><code value="HumanName" /></type><type><code value="Identifier" /></type><type><code value="Money" /></type><type><code value="Period" /></type><type><code value="Quantity" /></type><type><code value="Range" /></type><type><code value="Ratio" /></type><type><code value="Reference" /></type><type><code value="SampledData" /></type><type><code value="Signature" /></type><type><code value="Timing" /></type><type><code value="Meta" /></type><condition value="ele-1" /><constraint><key value="ele-1" /><severity value="error" /><human value="All FHIR elements must have a @value or children" /><expression value="hasValue() | (children().count() &gt; id.count())" /><xpath value="@value|f:*|h:div" /></constraint><mapping><identity value="rim" /><map value="n/a" /></mapping><mapping><identity value="rim" /><map value="N/A" /></mapping></element><element id="Extension.url"><path value="Extension.url" /><representation value="xmlAttr" /><short value="identifies the meaning of the extension" /><definition value="Source of the definition for the extension code - a logical name or a URL." /><comment value="The definition may point directly to a computable or human-readable definition of the extensibility codes, or it may be a logical URI as declared in some other specification. The definition SHALL be a URI for the Structure Definition defining the extension." /><min value="1" /><max value="1" /><base><path value="Extension.url" /><min value="1" /><max value="1" /></base><type><code value="uri" /></type><fixedUri value="https://fhir.nhs.uk/STU3/StructureDefinition/Extension-ITK-MessageHandling-2" /><condition value="ele-1" /><constraint><key value="ele-1" /><severity value="error" /><human value="All FHIR elements must have a @value or children" /><expression value="hasValue() | (children().count() &gt; id.count())" /><xpath value="@value|f:*|h:div" /></constraint><mapping><identity value="rim" /><map value="n/a" /></mapping><mapping><identity value="rim" /><map value="N/A" /></mapping></element><element id="Extension.value[x]"><path value="Extension.value[x]" /><short value="Value of extension" /><definition value="Value of extension - may be a resource or one of a constrained set of the data types (see Extensibility in the spec for list)." /><comment value="A stream of bytes, base64 encoded" /><min value="0" /><max value="0" /><base><path value="Extension.value[x]" /><min value="0" /><max value="1" /></base><type><code value="base64Binary" /></type><type><code value="boolean" /></type><type><code value="code" /></type><type><code value="date" /></type><type><code value="dateTime" /></type><type><code value="decimal" /></type><type><code value="id" /></type><type><code value="instant" /></type><type><code value="integer" /></type><type><code value="markdown" /></type><type><code value="oid" /></type><type><code value="positiveInt" /></type><type><code value="string" /></type><type><code value="time" /></type><type><code value="unsignedInt" /></type><type><code value="uri" /></type><type><code value="Address" /></type><type><code value="Age" /></type><type><code value="Annotation" /></type><type><code value="Attachment" /></type><type><code value="CodeableConcept" /></type><type><code value="Coding" /></type><type><code value="ContactPoint" /></type><type><code value="Count" /></type><type><code value="Distance" /></type><type><code value="Duration" /></type><type><code value="HumanName" /></type><type><code value="Identifier" /></type><type><code value="Money" /></type><type><code value="Period" /></type><type><code value="Quantity" /></type><type><code value="Range" /></type><type><code value="Ratio" /></type><type><code value="Reference" /></type><type><code value="SampledData" /></type><type><code value="Signature" /></type><type><code value="Timing" /></type><type><code value="Meta" /></type><condition value="ele-1" /><constraint><key value="ele-1" /><severity value="error" /><human value="All FHIR elements must have a @value or children" /><expression value="hasValue() | (children().count() &gt; id.count())" /><xpath value="@value|f:*|h:div" /></constraint><mapping><identity value="rim" /><map value="n/a" /></mapping><mapping><identity value="rim" /><map value="N/A" /></mapping></element></snapshot><differential><element id="Extension"><path value="Extension" /><short value="An extension to support ITK message handling" /></element><element id="Extension.extension"><path value="Extension.extension" /><slicing><discriminator><type value="value" /><path value="url" /></discriminator><rules value="open" /></slicing></element><element id="Extension.extension:BusAckRequested"><path value="Extension.extension" /><sliceName value="BusAckRequested" /><short value="Populated when sender requires a business level response to be returned." /><min value="1" /><max value="1" /></element><element id="Extension.extension:BusAckRequested.url"><path value="Extension.extension.url" /><fixedUri value="BusAckRequested" /></element><element id="Extension.extension:BusAckRequested.valueBoolean:valueBoolean"><path value="Extension.extension.valueBoolean" /><sliceName value="valueBoolean" /><min value="1" /><type><code value="boolean" /></type></element><element id="Extension.extension:InfAckRequested"><path value="Extension.extension" /><sliceName value="InfAckRequested" /><short value="Populated when sender requires an infrastructure level response to be returned." /><min value="1" /><max value="1" /></element><element id="Extension.extension:InfAckRequested.url"><path value="Extension.extension.url" /><fixedUri value="InfAckRequested" /></element><element id="Extension.extension:InfAckRequested.valueBoolean:valueBoolean"><path value="Extension.extension.valueBoolean" /><sliceName value="valueBoolean" /><min value="1" /><type><code value="boolean" /></type></element><element id="Extension.extension:RecipientType"><path value="Extension.extension" /><sliceName value="RecipientType" /><short value="Indicates the type of recipient." /><min value="1" /><max value="1" /></element><element id="Extension.extension:RecipientType.url"><path value="Extension.extension.url" /><fixedUri value="RecipientType" /></element><element id="Extension.extension:RecipientType.valueCoding:valueCoding"><path value="Extension.extension.valueCoding" /><sliceName value="valueCoding" /><min value="1" /><type><code value="Coding" /></type><binding><strength value="required" /><description value="A set of codes to describe if the recipient has been sent the payload for action or for information." /><valueSetReference><reference value="https://fhir.nhs.uk/STU3/ValueSet/ITK-RecipientType-1" /></valueSetReference></binding></element><element id="Extension.extension:RecipientType.valueCoding:valueCoding.system"><path value="Extension.extension.valueCoding.system" /><min value="1" /><fixedUri value="https://fhir.nhs.uk/STU3/CodeSystem/ITK-RecipientType-1" /></element><element id="Extension.extension:RecipientType.valueCoding:valueCoding.version"><path value="Extension.extension.valueCoding.version" /><max value="0" /></element><element id="Extension.extension:RecipientType.valueCoding:valueCoding.code"><path value="Extension.extension.valueCoding.code" /><min value="1" /></element><element id="Extension.extension:RecipientType.valueCoding:valueCoding.display"><extension url="http://hl7.org/fhir/StructureDefinition/elementdefinition-translatable"><valueBoolean value="true" /></extension><path value="Extension.extension.valueCoding.display" /><min value="1" /></element><element id="Extension.extension:RecipientType.valueCoding:valueCoding.userSelected"><path value="Extension.extension.valueCoding.userSelected" /><max value="0" /></element><element id="Extension.extension:MessageDefinition"><path value="Extension.extension" /><sliceName value="MessageDefinition" /><short value="A reference to a URL for the MessageDefinition for the payload, which can be any message definition instance which conforms to the ITK message definition profile.   This MessageDefinition will detail the information to allow correct processing of the payload, such as profiles used, message event type, profiles used, responses allowed/ required etc.." /><min value="1" /><max value="1" /></element><element id="Extension.extension:MessageDefinition.url"><path value="Extension.extension.url" /><fixedUri value="MessageDefinition" /></element><element id="Extension.extension:MessageDefinition.valueReference:valueReference"><path value="Extension.extension.valueReference" /><sliceName value="valueReference" /><min value="1" /><type><code value="Reference" /></type></element><element id="Extension.extension:MessageDefinition.valueReference:valueReference.reference"><path value="Extension.extension.valueReference.reference" /><min value="1" /></element><element id="Extension.extension:MessageDefinition.valueReference:valueReference.identifier"><path value="Extension.extension.valueReference.identifier" /><max value="0" /></element><element id="Extension.extension:MessageDefinition.valueReference:valueReference.display"><extension url="http://hl7.org/fhir/StructureDefinition/elementdefinition-translatable"><valueBoolean value="true" /></extension><path value="Extension.extension.valueReference.display" /><max value="0" /></element><element id="Extension.extension:SenderReference"><path value="Extension.extension" /><sliceName value="SenderReference" /><short value="A reference that the sender includes and wants returned in any response. " /><min value="1" /><max value="1" /></element><element id="Extension.extension:SenderReference.url"><path value="Extension.extension.url" /><fixedUri value="SenderReference" /></element><element id="Extension.extension:SenderReference.valueString:valueString"><path value="Extension.extension.valueString" /><sliceName value="valueString" /><min value="1" /><type><code value="string" /></type><maxLength value="255" /></element><element id="Extension.extension:LocalExtension"><path value="Extension.extension" /><sliceName value="LocalExtension" /><min value="1" /><max value="1" /></element><element id="Extension.extension:LocalExtension.url"><path value="Extension.extension.url" /><fixedUri value="LocalExtension" /></element><element id="Extension.extension:LocalExtension.value[x]"><path value="Extension.extension.value[x]" /><min value="1" /></element><element id="Extension.url"><path value="Extension.url" /><fixedUri value="https://fhir.nhs.uk/STU3/StructureDefinition/Extension-ITK-MessageHandling-2" /></element><element id="Extension.value[x]"><path value="Extension.value[x]" /><max value="0" /></element></differential></StructureDefinition>