<StructureDefinition xmlns="http://hl7.org/fhir"><id value="ITK-Attachment-Binary-1" /><meta><lastUpdated value="2018-10-19T13:19:51.043+01:00" /></meta><url value="https://fhir.nhs.uk/STU3/StructureDefinition/ITK-Attachment-Binary-1" /><version value="1.1.0" /><name value="ITK-Attachment-Binary-1" /><title value="ITK-Attachment-Binary" /><status value="active" /><date value="2018-01-19" /><publisher value="NHS Digital" /><contact><name value="Interoperability Team" /><telecom><system value="email" /><value value="interoperabilityteam@nhs.net" /><use value="work" /></telecom></contact><description value="This constrained Binary resource can carry any pure binary content., whether this is  text, image, pdf, zip archive, etc...  This resource is generally used as the target of a Document Reference or an Attachment." /><purpose value="The Binary resource is need to carry image files." /><copyright value="Copyright ? 2018 NHS Digital" /><fhirVersion value="3.0.1" /><kind value="resource" /><abstract value="false" /><type value="Binary" /><baseDefinition value="http://hl7.org/fhir/StructureDefinition/Binary" /><derivation value="constraint" /><snapshot><element id="Binary"><path value="Binary" /><short value="Pure binary content defined by a format other than FHIR" /><definition value="A binary resource can contain any content, whether text, image, pdf, zip archive, etc." /><comment value="Typically, Binary resources are used for handling content such as:  * CDA Documents (i.e. with XDS) * PDF Documents * Images (the Media resource is preferred for handling images, but not possible when the content is already binary - e.g. XDS)." /><min value="0" /><max value="*" /><base><path value="Resource" /><min value="0" /><max value="*" /></base><mapping><identity value="rim" /><map value="Entity. Role, or Act" /></mapping><mapping><identity value="rim" /><map value="N/A" /></mapping><mapping><identity value="w5" /><map value="infrastructure.structure" /></mapping></element><element id="Binary.id"><path value="Binary.id" /><short value="Logical id of this artifact" /><definition value="The logical id of the resource, as used in the URL for the resource. Once assigned, this value never changes." /><comment value="The only time that a resource does not have an id is when it is being submitted to the server using a create operation." /><min value="0" /><max value="1" /><base><path value="Resource.id" /><min value="0" /><max value="1" /></base><type><code value="id" /></type><condition value="ele-1" /><constraint><key value="ele-1" /><severity value="error" /><human value="All FHIR elements must have a @value or children" /><expression value="hasValue() | (children().count() &gt; id.count())" /><xpath value="@value|f:*|h:div" /></constraint><isSummary value="true" /><mapping><identity value="rim" /><map value="n/a" /></mapping></element><element id="Binary.meta"><path value="Binary.meta" /><short value="Metadata about the resource" /><definition value="The metadata about the resource. This is content that is maintained by the infrastructure. Changes to the content may not always be associated with version changes to the resource." /><min value="0" /><max value="1" /><base><path value="Resource.meta" /><min value="0" /><max value="1" /></base><type><code value="Meta" /></type><condition value="ele-1" /><constraint><key value="ele-1" /><severity value="error" /><human value="All FHIR elements must have a @value or children" /><expression value="hasValue() | (children().count() &gt; id.count())" /><xpath value="@value|f:*|h:div" /></constraint><isSummary value="true" /><mapping><identity value="rim" /><map value="n/a" /></mapping><mapping><identity value="rim" /><map value="N/A" /></mapping></element><element id="Binary.implicitRules"><path value="Binary.implicitRules" /><short value="A set of rules under which this content was created" /><definition value="A reference to a set of rules that were followed when the resource was constructed, and which must be understood when processing the content." /><comment value="Asserting this rule set restricts the content to be only understood by a limited set of trading partners. This inherently limits the usefulness of the data in the long term. However, the existing health eco-system is highly fractured, and not yet ready to define, collect, and exchange data in a generally computable sense. Wherever possible, implementers and/or specification writers should avoid using this element.   This element is labelled as a modifier because the implicit rules may provide additional knowledge about the resource that modifies it's meaning or interpretation." /><min value="0" /><max value="1" /><base><path value="Resource.implicitRules" /><min value="0" /><max value="1" /></base><type><code value="uri" /></type><condition value="ele-1" /><constraint><key value="ele-1" /><severity value="error" /><human value="All FHIR elements must have a @value or children" /><expression value="hasValue() | (children().count() &gt; id.count())" /><xpath value="@value|f:*|h:div" /></constraint><isModifier value="true" /><isSummary value="true" /><mapping><identity value="rim" /><map value="n/a" /></mapping></element><element id="Binary.language"><path value="Binary.language" /><short value="Language of the resource content" /><definition value="The base language in which the resource is written." /><comment value="Language is provided to support indexing and accessibility (typically, services such as text to speech use the language tag). The html language tag in the narrative applies  to the narrative. The language tag on the resource may be used to specify the language of other presentations generated from the data in the resource  Not all the content has to be in the base language. The Resource.language should not be assumed to apply to the narrative automatically. If a language is specified, it should it also be specified on the div element in the html (see rules in HTML5 for information about the relationship between xml:lang and the html lang attribute)." /><min value="0" /><max value="1" /><base><path value="Resource.language" /><min value="0" /><max value="1" /></base><type><code value="code" /></type><condition value="ele-1" /><constraint><key value="ele-1" /><severity value="error" /><human value="All FHIR elements must have a @value or children" /><expression value="hasValue() | (children().count() &gt; id.count())" /><xpath value="@value|f:*|h:div" /></constraint><binding><extension url="http://hl7.org/fhir/StructureDefinition/elementdefinition-maxValueSet"><valueReference><reference value="http://hl7.org/fhir/ValueSet/all-languages" /></valueReference></extension><extension url="http://hl7.org/fhir/StructureDefinition/elementdefinition-bindingName"><valueString value="Language" /></extension><extension url="http://hl7.org/fhir/StructureDefinition/elementdefinition-isCommonBinding"><valueBoolean value="true" /></extension><strength value="extensible" /><description value="A human language." /><valueSetReference><reference value="http://hl7.org/fhir/ValueSet/languages" /></valueSetReference></binding><mapping><identity value="rim" /><map value="n/a" /></mapping></element><element id="Binary.contentType"><path value="Binary.contentType" /><short value="MimeType of the binary content" /><definition value="MimeType of the binary content represented as a standard MimeType (BCP 13)." /><comment value="Note that FHIR strings may not exceed 1MB in size" /><min value="1" /><max value="1" /><base><path value="Binary.contentType" /><min value="1" /><max value="1" /></base><type><code value="code" /></type><condition value="ele-1" /><constraint><key value="ele-1" /><severity value="error" /><human value="All FHIR elements must have a @value or children" /><expression value="hasValue() | (children().count() &gt; id.count())" /><xpath value="@value|f:*|h:div" /></constraint><isSummary value="true" /><binding><extension url="http://hl7.org/fhir/StructureDefinition/elementdefinition-bindingName"><valueString value="MimeType" /></extension><extension url="http://hl7.org/fhir/StructureDefinition/elementdefinition-isCommonBinding"><valueBoolean value="true" /></extension><strength value="required" /><description value="The mime type of an attachment. Any valid mime type is allowed." /><valueSetUri value="http://www.rfc-editor.org/bcp/bcp13.txt" /></binding><mapping><identity value="rim" /><map value="n/a" /></mapping></element><element id="Binary.securityContext"><path value="Binary.securityContext" /><short value="Access Control Management" /><definition value="Treat this binary as if it was this other resource for access control purposes." /><comment value="References SHALL be a reference to an actual FHIR resource, and SHALL be resolveable (allowing for access control, temporary unavailability, etc). Resolution can be either by retrieval from the URL, or, where applicable by resource type, by treating an absolute reference as a canonical URL and looking it up in a local registry/repository." /><min value="0" /><max value="0" /><base><path value="Binary.securityContext" /><min value="0" /><max value="1" /></base><type><code value="Reference" /><targetProfile value="http://hl7.org/fhir/StructureDefinition/Resource" /></type><condition value="ele-1" /><constraint><key value="ele-1" /><severity value="error" /><human value="All FHIR elements must have a @value or children" /><expression value="hasValue() | (children().count() &gt; id.count())" /><xpath value="@value|f:*|h:div" /></constraint><constraint><key value="ref-1" /><severity value="error" /><human value="SHALL have a contained resource if a local reference is provided" /><expression value="reference.startsWith('#').not() or (reference.substring(1).trace('url') in %resource.contained.id.trace('ids'))" /><xpath value="not(starts-with(f:reference/@value, '#')) or exists(ancestor::*[self::f:entry or self::f:parameter]/f:resource/f:*/f:contained/f:*[f:id/@value=substring-after(current()/f:reference/@value, '#')]|/*/f:contained/f:*[f:id/@value=substring-after(current()/f:reference/@value, '#')])" /></constraint><isSummary value="true" /><mapping><identity value="rim" /><map value="n/a" /></mapping><mapping><identity value="rim" /><map value="The target of a resource reference is a RIM entry point (Act, Role, or Entity)" /></mapping></element><element id="Binary.securityContext.id"><path value="Binary.securityContext.id" /><representation value="xmlAttr" /><short value="xml:id (or equivalent in JSON)" /><definition value="unique id for the element within a resource (for internal references). This may be any string value that does not contain spaces." /><comment value="Note that FHIR strings may not exceed 1MB in size" /><min value="0" /><max value="1" /><base><path value="Element.id" /><min value="0" /><max value="1" /></base><type><code value="string" /></type><condition value="ele-1" /><constraint><key value="ele-1" /><severity value="error" /><human value="All FHIR elements must have a @value or children" /><expression value="hasValue() | (children().count() &gt; id.count())" /><xpath value="@value|f:*|h:div" /></constraint><mapping><identity value="rim" /><map value="n/a" /></mapping></element><element id="Binary.securityContext.extension"><path value="Binary.securityContext.extension" /><slicing><discriminator><type value="value" /><path value="url" /></discriminator><description value="Extensions are always sliced by (at least) url" /><rules value="open" /></slicing><short value="Additional Content defined by implementations" /><definition value="May be used to represent additional information that is not part of the basic definition of the element. In order to make the use of extensions safe and manageable, there is a strict set of governance  applied to the definition and use of extensions. Though any implementer is allowed to define an extension, there is a set of requirements that SHALL be met as part of the definition of the extension." /><comment value="There can be no stigma associated with the use of extensions by any application, project, or standard - regardless of the institution or jurisdiction that uses or defines the extensions.  The use of extensions is what allows the FHIR specification to retain a core level of simplicity for everyone." /><alias value="extensions" /><alias value="user content" /><min value="0" /><max value="*" /><base><path value="Element.extension" /><min value="0" /><max value="*" /></base><type><code value="Extension" /></type><condition value="ele-1" /><constraint><key value="ele-1" /><severity value="error" /><human value="All FHIR elements must have a @value or children" /><expression value="hasValue() | (children().count() &gt; id.count())" /><xpath value="@value|f:*|h:div" /></constraint><constraint><key value="ext-1" /><severity value="error" /><human value="Must have either extensions or value[x], not both" /><expression value="extension.exists() != value.exists()" /><xpath value="exists(f:extension)!=exists(f:*[starts-with(local-name(.), 'value')])" /></constraint><mapping><identity value="rim" /><map value="n/a" /></mapping><mapping><identity value="rim" /><map value="N/A" /></mapping></element><element id="Binary.securityContext.reference"><path value="Binary.securityContext.reference" /><short value="Literal reference, Relative, internal or absolute URL" /><definition value="A reference to a location at which the other resource is found. The reference may be a relative reference, in which case it is relative to the service base URL, or an absolute URL that resolves to the location where the resource is found. The reference may be version specific or not. If the reference is not to a FHIR RESTful server, then it should be assumed to be version specific. Internal fragment references (start with '#') refer to contained resources." /><comment value="Using absolute URLs provides a stable scalable approach suitable for a cloud/web context, while using relative/logical references provides a flexible approach suitable for use when trading across closed eco-system boundaries.   Absolute URLs do not need to point to a FHIR RESTful server, though this is the preferred approach. If the URL conforms to the structure &quot;/[type]/[id]&quot; then it should be assumed that the reference is to a FHIR RESTful server." /><min value="0" /><max value="1" /><base><path value="Reference.reference" /><min value="0" /><max value="1" /></base><type><code value="string" /></type><condition value="ele-1" /><condition value="ref-1" /><constraint><key value="ele-1" /><severity value="error" /><human value="All FHIR elements must have a @value or children" /><expression value="hasValue() | (children().count() &gt; id.count())" /><xpath value="@value|f:*|h:div" /></constraint><isSummary value="true" /><mapping><identity value="rim" /><map value="n/a" /></mapping><mapping><identity value="rim" /><map value="N/A" /></mapping></element><element id="Binary.securityContext.identifier"><path value="Binary.securityContext.identifier" /><short value="Logical reference, when literal reference is not known" /><definition value="An identifier for the other resource. This is used when there is no way to reference the other resource directly, either because the entity is not available through a FHIR server, or because there is no way for the author of the resource to convert a known identifier to an actual location. There is no requirement that a Reference.identifier point to something that is actually exposed as a FHIR instance, but it SHALL point to a business concept that would be expected to be exposed as a FHIR instance, and that instance would need to be of a FHIR resource type allowed by the reference." /><comment value="When an identifier is provided in place of a reference, any system processing the reference will only be able to resolve the identifier to a reference if it understands the business context in which the identifier is used. Sometimes this is global (e.g. a national identifier) but often it is not. For this reason, none of the useful mechanisms described for working with references (e.g. chaining, includes) are possible, nor should servers be expected to be able resolve the reference. Servers may accept an identifier based reference untouched, resolve it, and/or reject it - see CapabilityStatement.rest.resource.referencePolicy.   When both an identifier and a literal reference are provided, the literal reference is preferred. Applications processing the resource are allowed - but not required - to check that the identifier matches the literal reference  Applications converting a logical reference to a literal reference may choose to leave the logical reference present, or remove it." /><min value="0" /><max value="1" /><base><path value="Reference.identifier" /><min value="0" /><max value="1" /></base><type><code value="Identifier" /></type><condition value="ele-1" /><constraint><key value="ele-1" /><severity value="error" /><human value="All FHIR elements must have a @value or children" /><expression value="hasValue() | (children().count() &gt; id.count())" /><xpath value="@value|f:*|h:div" /></constraint><isSummary value="true" /><mapping><identity value="rim" /><map value="n/a" /></mapping><mapping><identity value="v2" /><map value="CX / EI (occasionally, more often EI maps to a resource id or a URL)" /></mapping><mapping><identity value="rim" /><map value="II - see see identifier pattern at http://wiki.hl7.org/index.php?title=Common_Design_Patterns#Identifier_Pattern for relevant discussion. The Identifier class is a little looser than the v3 type II because it allows URIs as well as registered OIDs or GUIDs.  Also maps to Role[classCode=IDENT]" /></mapping><mapping><identity value="servd" /><map value="Identifier" /></mapping><mapping><identity value="rim" /><map value=".identifier" /></mapping></element><element id="Binary.securityContext.display"><extension url="http://hl7.org/fhir/StructureDefinition/elementdefinition-translatable"><valueBoolean value="true" /></extension><path value="Binary.securityContext.display" /><short value="Text alternative for the resource" /><definition value="Plain text narrative that identifies the resource in addition to the resource reference." /><comment value="This is generally not the same as the Resource.text of the referenced resource.  The purpose is to identify what's being referenced, not to fully describe it." /><min value="0" /><max value="1" /><base><path value="Reference.display" /><min value="0" /><max value="1" /></base><type><code value="string" /></type><condition value="ele-1" /><constraint><key value="ele-1" /><severity value="error" /><human value="All FHIR elements must have a @value or children" /><expression value="hasValue() | (children().count() &gt; id.count())" /><xpath value="@value|f:*|h:div" /></constraint><isSummary value="true" /><mapping><identity value="rim" /><map value="n/a" /></mapping><mapping><identity value="rim" /><map value="N/A" /></mapping></element><element id="Binary.content"><path value="Binary.content" /><short value="The actual content" /><definition value="The actual content, base64 encoded" /><comment value="If the content type is itself base64 encoding, then this will be base64 encoded twice - what is created by un-base64ing the content must be the specified content type." /><min value="1" /><max value="1" /><base><path value="Binary.content" /><min value="1" /><max value="1" /></base><type><code value="base64Binary" /></type><condition value="ele-1" /><constraint><key value="ele-1" /><severity value="error" /><human value="All FHIR elements must have a @value or children" /><expression value="hasValue() | (children().count() &gt; id.count())" /><xpath value="@value|f:*|h:div" /></constraint><mapping><identity value="rim" /><map value="n/a" /></mapping></element></snapshot><differential><element id="Binary.securityContext"><path value="Binary.securityContext" /><max value="0" /></element><element id="Binary.content"><path value="Binary.content" /><definition value="The actual content, base64 encoded" /></element></differential></StructureDefinition>