<CodeSystem xmlns="http://hl7.org/fhir"><id value="CareConnect-PrescriptionType-1" /><url value="https://fhir.hl7.org.uk/STU3/CodeSystem/CareConnect-PrescriptionType-1" /><version value="1.2.0" /><name value="Care Connect Prescription Type" /><status value="draft" /><date value="2018-11-01T00:00:00+00:00" /><publisher value="HL7 UK" /><description value="A CodeSystem to identify the type of prescription" /><copyright value="Copyright ? 2016 HL7 UK" /><caseSensitive value="true" /><content value="complete" /><concept><code value="acute" /><display value="Acute" /></concept><concept><code value="repeat" /><display value="Repeat" /></concept><concept><code value="repeat-dispensing" /><display value="Repeat dispensing" /></concept><concept><code value="delayed-prescribing" /><display value="Delayed prescribing" /></concept></CodeSystem>