<CodeSystem xmlns="http://hl7.org/fhir"><id value="CareConnect-MedicationChangeStatus-1" /><url value="https://fhir.hl7.org.uk/STU3/CodeSystem/CareConnect-MedicationChangeStatus-1" /><version value="1.1.0" /><name value="Care Connect Medication Change Status" /><status value="draft" /><date value="2018-11-14T00:00:00+00:00" /><publisher value="HL7 UK" /><description value="A CodeSystem to identify the change status of a medication." /><copyright value="Copyright ? 2016 HL7 UK" /><caseSensitive value="true" /><content value="complete" /><concept><code value="Continued" /></concept><concept><code value="Added" /></concept><concept><code value="Amended" /></concept><concept><code value="On-hold" /></concept></CodeSystem>