<CodeSystem xmlns="http://hl7.org/fhir"><id value="CareConnect-MedicationSupplyType-1" /><url value="https://fhir.hl7.org.uk/STU3/CodeSystem/CareConnect-MedicationSupplyType-1" /><version value="1.0.0" /><name value="Care Connect Medication Supply Type" /><status value="draft" /><date value="2018-07-11T00:00:00+00:00" /><publisher value="HL7 UK" /><description value="A CodeSystem to identify the type of medication supply." /><copyright value="Copyright ? 2016 HL7 UK" /><caseSensitive value="true" /><content value="complete" /><concept><code value="over-the-counter" /><display value="Over the counter" /></concept><concept><code value="emergency-supply" /><display value="Emergency supply" /></concept><concept><code value="patient-group-direction" /><display value="Patient group direction" /></concept><concept><code value="minor-ailments-scheme" /><display value="Minor ailments scheme" /></concept><concept><code value="prescription-dispensing" /><display value="Prescription dispensing" /></concept><concept><code value="private-prescription-dispensing" /><display value="Private prescription dispensing" /></concept><concept><code value="self-declared" /><display value="Self declared" /></concept></CodeSystem>