<CodeSystem xmlns="http://hl7.org/fhir"><id value="CareConnect-LanguageAbilityMode-1" /><url value="https://fhir.hl7.org.uk/STU3/CodeSystem/CareConnect-LanguageAbilityMode-1" /><version value="1.1.0" /><name value="Care Connect Language Ability Mode" /><status value="draft" /><date value="2018-11-01T00:00:00+00:00" /><publisher value="HL7 UK" /><description value="A CodeSystem that identifies the mode the patient can communicate in, representing the method of expression of the language." /><copyright value="Copyright ? 2016 HL7 UK" /><caseSensitive value="true" /><content value="complete" /><concept><code value="ESGN" /><display value="Expressed signed" /></concept><concept><code value="ESP" /><display value="Expressed spoken" /></concept><concept><code value="EWR" /><display value="Expressed written" /></concept><concept><code value="RSGN" /><display value="Received signed" /></concept><concept><code value="RSP" /><display value="Received spoken" /></concept><concept><code value="RWR" /><display value="Received written" /></concept></CodeSystem>