<CodeSystem xmlns="http://hl7.org/fhir"><id value="ITK-MessageEvent-2" /><meta><lastUpdated value="2018-08-17T00:00:00+00:00" /></meta><url value="https://fhir.nhs.uk/STU3/CodeSystem/ITK-MessageEvent-2" /><version value="2.6.0" /><name value="ITK Message Event" /><status value="active" /><date value="2018-08-17T00:00:00+00:00" /><publisher value="NHS Digital" /><contact><name value="Interoperability Team" /><telecom><system value="email" /><value value="interoperabilityteam@nhs.net" /><use value="work" /></telecom></contact><description value="A codesystem to describe the event that triggered the message." /><copyright value="Copyright ?2018 NHS Digital" /><caseSensitive value="true" /><valueSet value="https://fhir.nhs.uk/STU3/ValueSet/ITK-MessageEvent-2" /><content value="complete" /><concept><code value="ITK003D" /><display value="ITK eDischarge" /></concept><concept><code value="ITK004D" /><display value="ITK Mental Health eDischarge" /></concept><concept><code value="ITK005D" /><display value="ITK Emergency Care eDischarge" /></concept><concept><code value="ITK006D" /><display value="ITK Outpatient Letter" /></concept><concept><code value="ITK007C" /><display value="ITK GP Connect Send Document" /></concept><concept><code value="ITK008M" /><display value="ITK Response" /></concept><concept><code value="ITK009D" /><display value="ITK Digital Medicine Immunization Document" /></concept><concept><code value="ITK010D" /><display value="ITK Digital Medicine Emergency Supply Document" /></concept><concept><code value="ITK011M" /><display value="ITK Events Management Service" /></concept><concept><code value="ITK012M" /><display value="ITK National Pathology" /></concept></CodeSystem>