<CodeSystem xmlns="http://hl7.org/fhir"><id value="ITK-ResponseCodes-1" /><meta><lastUpdated value="2018-08-17T00:00:00+00:00" /></meta><url value="https://fhir.nhs.uk/STU3/CodeSystem/ITK-ResponseCodes-1" /><version value="1.2.0" /><name value="ITK Response Codes" /><status value="active" /><date value="2018-08-17T00:00:00+00:00" /><publisher value="NHS Digital" /><contact><name value="Interoperability Team" /><telecom><system value="email" /><value value="interoperabilityteam@nhs.net" /><use value="work" /></telecom></contact><description value="A codesystem to describe the ITK responses returned to the sender." /><copyright value="Copyright ?2018 NHS Digital" /><caseSensitive value="true" /><content value="complete" /><concept><code value="10001" /><display value="Handling Specification Error" /></concept><concept><code value="10002" /><display value="Infrastructure Level Response Value - Processing Error" /></concept><concept><code value="10003" /><display value="Business Level Response Value - Processing Error" /></concept><concept><code value="10004" /><display value="Message Definition Value - Processing Error" /></concept><concept><code value="10005" /><display value="Message Definition Version Value - Processing Error" /></concept><concept><code value="10007" /><display value="Sender Reference Value - Processing Error" /></concept><concept><code value="10008" /><display value="Handling Specification Business Rule Error" /></concept><concept><code value="10009" /><display value="Unreadable message received" /></concept><concept><code value="10010" /><display value="Recipient Type - Processing Error" /></concept><concept><code value="20001" /><display value="Unrecognised Recipient Person" /></concept><concept><code value="20002" /><display value="Unrecognised Recipient Organisation" /></concept><concept><code value="20003" /><display value="Unrecognised Sender" /></concept><concept><code value="20004" /><display value="Non-Approved file type received as an attachment" /></concept><concept><code value="20005" /><display value="Unsupported file type received as an attachment" /></concept><concept><code value="20006" /><display value="ITK header validation failure" /></concept><concept><code value="20007" /><display value="Duplicate Message received" /></concept><concept><code value="20008" /><display value="Duplicate Document received" /></concept><concept><code value="20009" /><display value="Payload validation failure" /></concept><concept><code value="20010" /><display value="Unrecognised Payload Recipient Organisation" /></concept><concept><code value="20011" /><display value="Unrecognised Payload Recipient Person" /></concept><concept><code value="20012" /><display value="Unauthorised Sender" /></concept><concept><code value="20013" /><display value="Success" /></concept><concept><code value="20014" /><display value="Unable to Process Replacement Document" /></concept><concept><code value="30001" /><display value="Patient known here. (e.g. Patient is registered here)" /></concept><concept><code value="30002" /><display value="Patient not known here. (aka 'patient record not present in system')" /></concept><concept><code value="30003" /><display value="Patient no longer at this clinical setting" /></concept></CodeSystem>