<CodeSystem xmlns="http://hl7.org/fhir"><id value="ITK-RecipientType-1" /><meta><lastUpdated value="2018-08-17T00:00:00+00:00" /></meta><url value="https://fhir.nhs.uk/STU3/CodeSystem/ITK-RecipientType-1" /><version value="1.1.0" /><name value="ITK Recipient Type" /><status value="active" /><date value="2018-08-17T00:00:00+00:00" /><publisher value="NHS Digital" /><contact><name value="Interoperability Team" /><telecom><system value="email" /><value value="interoperabilityteam@nhs.net" /><use value="work" /></telecom></contact><description value="A codesystem to describe if the recipient has been sent the payload for action or for information." /><copyright value="Copyright ?2018 NHS Digital" /><caseSensitive value="true" /><valueSet value="https://fhir.nhs.uk/STU3/ValueSet/ITK-RecipientType-1" /><content value="complete" /><concept><code value="FA" /><display value="For Action" /><definition value="The recipient has been sent the payload for action. The action required by the recipient will be either explicit in the payload or there will be a business rule defined." /></concept><concept><code value="FI" /><display value="For Information" /><definition value="No Action is required by the recipient and they may process the payload as they see fit." /></concept></CodeSystem>