<CodeSystem xmlns="http://hl7.org/fhir"><id value="ITK-ConditionFlag-1" /><url value="https://fhir.nhs.uk/STU3/CodeSystem/ITK-ConditionFlag-1" /><version value="1.0.0" /><name value="ITK Condition Flag" /><status value="draft" /><date value="2018-04-18T00:00:00+01:00" /><publisher value="NHS Digital" /><contact><name value="Interoperability Team" /><telecom><system value="email" /><value value="interoperabilityteam@nhs.net" /><use value="work" /></telecom></contact><description value="A code system that describes the status of a patient's condition." /><purpose value="This code system is defined to be bound to the ITK Condition List entry.flag element in order to show the status of a condition in the list." /><copyright value="Copyright ?2018 NHS Digital" /><caseSensitive value="true" /><valueSet value="https://fhir.nhs.uk/STU3/ValueSet/ITK-ConditionFlag-1" /><content value="complete" /><concept><code value="1" /><display value="Primary" /></concept><concept><code value="2" /><display value="Secondary" /></concept></CodeSystem>