<CodeSystem xmlns="http://hl7.org/fhir"><id value="ITK-PatientAllergyChangeType-1" /><url value="https://fhir.nhs.uk/STU3/CodeSystem/ITK-PatientAllergyChangeType-1" /><version value="1.0.0" /><name value="ITK Patient Allergy Change Type" /><status value="draft" /><date value="2017-09-10T00:00:00+01:00" /><publisher value="NHS Digital" /><contact><name value="Interoperability Team" /><telecom><system value="email" /><value value="interoperabilityteam@nhs.net" /><use value="work" /></telecom></contact><description value="A code system that enumerates patient allergy change types in the context of status/workflow for an Allergies list." /><purpose value="This code system is defined to be bound to the ITK Allergy List entry.flag element in order to show status/workflow information about the allergy or allergies listed." /><copyright value="Copyright ?2017 NHS Digital" /><caseSensitive value="true" /><valueSet value="https://fhir.nhs.uk/STU3/ValueSet/ITK-PatientAllergyChangeType-1" /><content value="complete" /><concept><code value="1" /><display value="Unchanged" /></concept><concept><code value="2" /><display value="Changed" /></concept><concept><code value="3" /><display value="New" /></concept></CodeSystem>