<CodeSystem xmlns="http://hl7.org/fhir"><id value="ITK-PatientMedicationChangeType-1" /><url value="https://fhir.nhs.uk/STU3/CodeSystem/ITK-PatientMedicationChangeType-1" /><version value="1.0.0" /><name value="ITK Patient Medication Change Type" /><status value="draft" /><date value="2017-09-12T00:00:00+01:00" /><publisher value="NHS Digital" /><contact><name value="Interoperability Team" /><telecom><system value="email" /><value value="interoperabilityteam@nhs.net" /><use value="work" /></telecom></contact><description value="A code system that enumerates patient medication change types in the context of status/workflow for a Medication list." /><purpose value="This code system is defined to be bound to the ITK Medication List entry.flag element in order to show status/workflow information about the medication or medications listed." /><copyright value="Copyright ?2017 NHS Digital" /><caseSensitive value="true" /><valueSet value="https://fhir.nhs.uk/STU3/ValueSet/ITK-PatientMedicationChangeType-1" /><content value="complete" /><concept><code value="1" /><display value="Continued" /><definition value="No change has been made to the status of this medicine item." /></concept><concept><code value="2" /><display value="Amendment" /><definition value="The medicine item has changed." /></concept><concept><code value="3" /><display value="Cancelled" /><definition value="The prescription for this medicine item was cancelled by an authorised health care provider. The patient may be advised to complete the course of the prescribed medicine. This advice is a clinical decision based on assessment of the patient's clinical condition." /></concept><concept><code value="4" /><display value="Addition" /><definition value="A new medicine item has been prescribed." /></concept><concept><code value="5" /><display value="Discontinued" /><definition value="Administration of this medication item that the patient is currently taking is stopped (i.e. instructed to be ceased by a health care provider). This cessation is anticipated to be permanent. The Change Description should describe the reason for cessation. Example uses: the medication in question is considered ineffective or has caused serious adverse effects. This value applies both to the cessation of a medication that is prescribed by another healthcare provider or patient self-administration of OTC medicines." /></concept><concept><code value="6" /><display value="Suspended" /><definition value="Administration of this medication item that the patient is currently taking is on hold, or instructed or recommended by a health care provider to be temporarily stopped, or subject to clinical review (i.e. the stop may be temporary or permanent depending on the outcome of clinical review), or temporarily suspended as a pre-requisite to certain surgical or diagnostic procedures." /></concept><concept><code value="7" /><display value="Recommendation" /><definition value="A recommendation for the patient to be given a medication." /></concept><concept><code value="8" /><display value="Do not discontinue" /><definition value="Do not discontinue this medication." /></concept><concept><code value="9" /><display value="Active" /><definition value="This is an active medication." /></concept><concept><code value="10" /><display value="Never Active" /><definition value="A medication which was ordered or authorised but has been cancelled prior to being issued, dispensed or administered." /></concept><concept><code value="11" /><display value="Course Completed" /><definition value="The medication course has been completed." /></concept><concept><code value="12" /><display value="Obsolete" /><definition value="This medication order has been superseded by another." /></concept></CodeSystem>