<CodeSystem xmlns="http://hl7.org/fhir"><id value="CareConnect-SourceOfAdmission-1" /><extension url="http://hl7.org/fhir/StructureDefinition/codesystem-sourceReference"><valueUri value="http://www.datadictionary.nhs.uk/data_dictionary/attributes/s/smo/source_of_admission_de.asp?shownav=1" /></extension><url value="https://fhir.hl7.org.uk/STU3/CodeSystem/CareConnect-SourceOfAdmission-1" /><version value="1.1.0" /><name value="NHS Data Model and Dictionary Source Of Admission" /><status value="draft" /><date value="2018-11-14T00:00:00+00:00" /><publisher value="HL7 UK" /><description value="The source of admission to a Hospital Provider Spell or a Nursing Episode when the Patient is in a Hospital Site or a Care Home." /><copyright value="Copyright ? 2016 HL7 UK" /><content value="complete" /><concept><code value="19" /><display value="Usual place of residence unless listed below, for example, a private dwelling whether owner occupied or owned by Local Authority, housing association or other landlord. This includes wardened accommodation but not residential accommodation where health care is provided. It also includes Patients with no fixed abode." /></concept><concept><code value="29" /><display value="Temporary place of residence when usually resident elsewhere (e.g. hotels, residential Educational Establishments)" /></concept><concept><code value="39" /><display value="Penal establishment, Court, or Police Station / Police Custody Suite" /></concept><concept><code value="49" /><display value="NHS other Hospital Provider - high security psychiatric accommodation in an NHS Hospital Provider (NHS Trust or NHS Foundation Trust)" /></concept><concept><code value="51" /><display value="NHS other Hospital Provider - Ward for general Patients or the younger physically disabled or A and E department" /><definition value="National Code 51 'NHS other hospital provider - Ward for general Patients or the younger physically disabled or A and E department' should not be used if the Patient arrives at an Accident and Emergency Department and is admitted to the same Hospital Provider." /></concept><concept><code value="52" /><display value="NHS other Hospital Provider - Ward for maternity Patients or Neonates" /></concept><concept><code value="53" /><display value="NHS other Hospital Provider - Ward for Patients who are mentally ill or have Learning Disabilities" /></concept><concept><code value="54" /><display value="NHS run Care Home" /></concept><concept><code value="65" /><display value="Local Authority residential accommodation i.e. where care is provided" /></concept><concept><code value="66" /><display value="Local Authority foster care" /></concept><concept><code value="79" /><display value="Babies born in or on the way to hospital" /></concept><concept><code value="85" /><display value="Non-NHS (other than Local Authority) run Care Home" /></concept><concept><code value="87" /><display value="Non NHS run hospital" /></concept><concept><code value="88" /><display value="Non-NHS (other than Local Authority) run Hospice" /></concept></CodeSystem>