<ValueSet xmlns="http://hl7.org/fhir"><id value="CareConnect-VaccineCode-1" /><url value="https://fhir.hl7.org.uk/STU3/ValueSet/CareConnect-VaccineCode-1" /><version value="1.0.0" /><name value="Care Connect Vaccine Code" /><status value="draft" /><date value="2018-05-04T00:00:00+00:00" /><publisher value="HL7 UK" /><description value="A code from the SNOMED Clinical Terminology UK coding system to record a vaccine or a null flavor value." /><copyright value="This value set includes content from SNOMED CT, which is copyright ? 2002+ International Health Terminology Standards Development Organisation (IHTSDO), and distributed by agreement between IHTSDO and HL7. Implementer use of SNOMED CT is not covered by this agreement." /><compose><include><system value="http://snomed.info/sct" /><filter><property value="concept" /><op value="in" /><value value="999000811000001105" /></filter><filter><property value="concept" /><op value="in" /><value value="12465201000001105" /></filter><filter><property value="concept" /><op value="in" /><value value="999000831000001104" /></filter><filter><property value="concept" /><op value="in" /><value value="999000841000001106" /></filter><filter><property value="concept" /><op value="in" /><value value="999000821000001101" /></filter></include><include><system value="http://hl7.org/fhir/v3/NullFlavor" /><filter><property value="concept" /><op value="=" /><value value="NAVU" /></filter><filter><property value="concept" /><op value="=" /><value value="UNC" /></filter><filter><property value="concept" /><op value="=" /><value value="UNK" /></filter><filter><property value="concept" /><op value="=" /><value value="NA" /></filter></include></compose></ValueSet>