<ValueSet xmlns="http://hl7.org/fhir"><id value="CareConnect-LanguageAbilityProficiency-1" /><url value="https://fhir.hl7.org.uk/STU3/ValueSet/CareConnect-LanguageAbilityProficiency-1" /><identifier><system value="urn:ietf:rfc:3986" /><value value="urn:oid:2.16.840.1.113883.5.61" /></identifier><version value="1.1.0" /><name value="Care Connect Language Ability Proficiency" /><status value="draft" /><date value="2018-11-01T00:00:00+00:00" /><publisher value="HL7 UK" /><description value="A ValueSet to identify the level of proficiency in communicating a language." /><copyright value="Copyright ? 2016 HL7 UK" /><compose><include><system value="https://fhir.hl7.org.uk/STU3/CodeSystem/CareConnect-LanguageAbilityProficiency-1" /></include></compose></ValueSet>