<ValueSet xmlns="http://hl7.org/fhir"><id value="CareConnect-DeathNotificationStatus-1" /><url value="https://fhir.hl7.org.uk/STU3/ValueSet/CareConnect-DeathNotificationStatus-1" /><version value="1.1.0" /><name value="Care Connect Death Notification Status" /><status value="draft" /><date value="2018-11-01T00:00:00+00:00" /><publisher value="HL7 UK" /><description value="A ValueSet to identify the type of death notice as held on Personal Demographics Service (PDS)." /><copyright value="Copyright ? 2016 HL7 UK" /><compose><include><system value="https://fhir.hl7.org.uk/STU3/CodeSystem/CareConnect-DeathNotificationStatus-1" /></include></compose></ValueSet>