<ValueSet xmlns="http://hl7.org/fhir"><id value="CareConnect-SDSJobRoleName-1" /><url value="https://fhir.hl7.org.uk/STU3/ValueSet/CareConnect-SDSJobRoleName-1" /><version value="1.1.0" /><name value="Care Connect SDS Job Role Name" /><status value="draft" /><date value="2018-11-01T00:00:00+00:00" /><publisher value="HL7 UK" /><description value="A ValueSet that identifies the job role associated with the person on the smart card. This consists of a set of Role Based Access Control (RBAC) codes. This code list is externally maintained." /><copyright value="Copyright ? 2016 HL7 UK" /><compose><include><system value="https://fhir.hl7.org.uk/STU3/CodeSystem/CareConnect-SDSJobRoleName-1" /></include></compose></ValueSet>