<ValueSet xmlns="http://hl7.org/fhir"><id value="CareConnect-SourceOfReferral-1" /><url value="https://fhir.hl7.org.uk/STU3/ValueSet/CareConnect-SourceOfReferral-1" /><version value="1.0.0" /><name value="Care Connect Source of Referral" /><status value="draft" /><date value="2019-07-16T17:43:00+00:00" /><publisher value="HL7 UK" /><description value="A code from the SNOMED Clinical Terminology UK coding system that describes the source of the referral." /><copyright value="This value set includes content from SNOMED CT, which is copyright ? 2002+ International Health Terminology Standards Development Organisation (IHTSDO), and distributed by agreement between IHTSDO and HL7. Implementer use of SNOMED CT is not covered by this agreement." /><compose><include><system value="http://snomed.info/sct" /><filter><property value="concept" /><op value="=" /><value value="&lt; 309013001 |Referred by person (finding)" /></filter></include><include><system value="http://snomed.info/sct" /><filter><property value="concept" /><op value="=" /><value value="&lt; 306098008 |Self-referral (procedure)" /></filter></include></compose></ValueSet>