<ValueSet xmlns="http://hl7.org/fhir"><id value="CareConnect-ImmunizationExplanationReason-2" /><url value="https://fhir.hl7.org.uk/STU3/ValueSet/CareConnect-ImmunizationExplanationReason-2" /><version value="2.1.0" /><name value="Care Connect Immunization Explanation Reason" /><status value="draft" /><date value="2018-11-01T00:00:00+00:00" /><publisher value="HL7 UK" /><description value="A code from the SNOMED Clinical Terminology UK coding system that represents the clinical indication or reason for administering the vaccine." /><copyright value="This value set includes content from SNOMED CT, which is copyright ? 2002+ International Health Terminology Standards Development Organisation (IHTSDO), and distributed by agreement between IHTSDO and HL7. Implementer use of SNOMED CT is not covered by this agreement." /><compose><include><system value="http://snomed.info/sct" /><concept><code value="171279008" /><display value="Immunization due" /></concept><concept><code value="414448007" /><display value="Identified as high risk for travel" /></concept><concept><code value="161096004" /><display value="Going to travel abroad" /></concept><concept><code value="506931000000109" /><display value="Recent travel to disease affected area" /></concept><concept><code value="78648007" /><display value="At risk for infection" /></concept><concept><code value="14679004" /><display value="Occupation" /></concept><concept><code value="134436002" /><display value="Lifestyle" /></concept><concept><code value="398192003" /><display value="Co-morbid conditions" /></concept><concept><code value="443684005" /><display value="Disease outbreak" /></concept><concept><code value="183995001" /><display value="Patient requested procedure" /></concept><concept><code value="444107005" /><display value="Exposure to communicable disease" /></concept><concept><code value="723620004" /><display value="Requires vaccination" /></concept></include></compose></ValueSet>