<ValueSet xmlns="http://hl7.org/fhir"><id value="CareConnect-MedicationSupplyType-1" /><url value="https://fhir.hl7.org.uk/STU3/ValueSet/CareConnect-MedicationSupplyType-1" /><version value="1.0.0" /><name value="Care Connect Medication Supply Type" /><status value="draft" /><date value="2018-07-11T00:00:00+00:00" /><publisher value="HL7 UK" /><description value="A ValueSet to identify the type of medication supply." /><copyright value="Copyright ? 2016 HL7 UK" /><compose><include><system value="https://fhir.hl7.org.uk/STU3/CodeSystem/CareConnect-MedicationSupplyType-1" /></include></compose></ValueSet>