<ValueSet xmlns="http://hl7.org/fhir"><id value="CareConnect-MedicationForm-1" /><url value="https://fhir.nhs.uk/STU3/ValueSet/CareConnect-MedicationForm-1" /><version value="1.0.0" /><name value="Care Connect Medication Form" /><status value="active" /><date value="2018-03-05T00:00:00+00:00" /><publisher value="HL7 UK" /><description value="A code from the SNOMED Clinical Terminology UK coding system that describes a medication dose form. These will form part of the NHS dm+d. Any code from the SNOMED CT UK 'NHS dm+d Dose Form' subset with subset original id 837201000001137; the corresponding SNOMED CT UK Refset fully specified name is 'National Health Service dictionary of medicines and devices dose form simple reference set (foundation metadata concept)' with Refset Id 999000781000001107." /><copyright value="This value set includes content from SNOMED CT, which is copyright ? 2002+ International Health Terminology Standards Development Organisation (IHTSDO), and distributed by agreement between IHTSDO and HL7. Implementer use of SNOMED CT is not covered by this agreement." /><compose><include><system value="http://snomed.info/sct" /><filter><property value="constraint" /><op value="=" /><value value="^999000781000001107 |NHS dm+d (dictionary of medicines and devices) dose form simple reference set|" /></filter></include></compose></ValueSet>