<ValueSet xmlns="http://hl7.org/fhir"><id value="CareConnect-AllergyManifestation-1" /><url value="https://fhir.hl7.org.uk/STU3/ValueSet/CareConnect-AllergyManifestation-1" /><version value="1.2.0" /><name value="Care Connect Allergy Manifestation" /><status value="draft" /><date value="2018-11-14T00:00:00+00:00" /><publisher value="HL7 UK" /><description value="A code from the SNOMED Clinical Terminology UK hierarchy with concept id '404684003' to record an allergy manifestation or a value from the HL7 FHIR nullFlavors code system." /><copyright value="This value set includes content from SNOMED CT, which is copyright ? 2002+ International Health Terminology Standards Development Organisation (IHTSDO), and distributed by agreement between IHTSDO and HL7. Implementer use of SNOMED CT is not covered by this agreement." /><compose><include><system value="http://snomed.info/sct" /><filter><property value="concept" /><op value="in" /><value value="404684003" /></filter></include><include><system value="http://hl7.org/fhir/v3/NullFlavor" /><filter><property value="concept" /><op value="=" /><value value="UNC" /></filter><filter><property value="concept" /><op value="=" /><value value="ASKU" /></filter><filter><property value="concept" /><op value="=" /><value value="NI" /></filter></include></compose></ValueSet>