<ValueSet xmlns="http://hl7.org/fhir"><id value="CareConnect-AllergyExposureRoute-1" /><url value="https://fhir.hl7.org.uk/STU3/ValueSet/CareConnect-AllergyExposureRoute-1" /><version value="1.1.0" /><name value="Care Connect Allergy Exposure Route" /><status value="draft" /><date value="2018-11-14T00:00:00+00:00" /><publisher value="HL7 UK" /><description value="A code from the SNOMED Clinical Terminology UK coding system that describes the e-Prescribing route of administration. Any code from the SNOMED CT UK 'NHS e-Prescribing route of administration subset' with subset original id 30201000001137; the corresponding SNOMED CT UK Refset FSN is 'ePrescribing route of administration simple reference set (foundation metadata concept)' with Refset Id 999000051000001100." /><copyright value="This value set includes content from SNOMED CT, which is copyright ? 2002+ International Health Terminology Standards Development Organisation (IHTSDO), and distributed by agreement between IHTSDO and HL7. Implementer use of SNOMED CT is not covered by this agreement." /><compose><include><system value="http://snomed.info/sct" /><filter><property value="constraint" /><op value="=" /><value value="^999000051000001100 |ePrescribing route of administration simple reference set|" /></filter></include></compose></ValueSet>