<ValueSet xmlns="http://hl7.org/fhir"><id value="CareConnect-CompositionSectionCode-1" /><url value="https://fhir.hl7.org.uk/STU3/ValueSet/CareConnect-CompositionSectionCode-1" /><version value="1.1.0" /><name value="Care Connect Composition Section Code" /><status value="draft" /><date value="2018-11-01T00:00:00+00:00" /><publisher value="HL7 UK" /><description value="A code from the SNOMED Clinical Terminology UK with the expression (^999001721000000100 | Clinical record headings simple reference set (foundation metadata concept)|)." /><copyright value="This value set includes content from SNOMED CT, which is copyright ? 2002+ International Health Terminology Standards Development Organisation (IHTSDO), and distributed by agreement between IHTSDO and HL7. Implementer use of SNOMED CT is not covered by this agreement." /><compose><include><system value="http://snomed.info/sct" /><filter><property value="constraint" /><op value="=" /><value value="(^999001721000000100 | Clinical record headings simple reference set (foundation metadata concept)|)" /></filter></include></compose></ValueSet>