<ValueSet xmlns="http://hl7.org/fhir"><id value="CareConnect-EmergencyCareDischargeStatus-1" /><url value="https://fhir.hl7.org.uk/STU3/ValueSet/CareConnect-EmergencyCareDischargeStatus-1" /><version value="1.1.0" /><name value="Care Connect Emergency Care Discharge Status" /><status value="draft" /><date value="2018-11-14T00:00:00+00:00" /><publisher value="HL7 UK" /><description value="A code from the SNOMED Clinical Terminology UK coding system that describes the status of the Patient on discharge from an Emergency Care Department. Captures whether treatment took place within the ED, if the patient was streamed to another service or if the patient left before treatment was complete. Any code from the SNOMED CT UK 'Emergency care discharge status' subset with subset original id 75041000000135; the corresponding SNOMED CT UK Refset fully specified name is 'Emergency care discharge status simple reference set (foundation metadata concept)' with Refset Id 999003021000000104." /><copyright value="This value set includes content from SNOMED CT, which is copyright ? 2002+ International Health Terminology Standards Development Organisation (IHTSDO), and distributed by agreement between IHTSDO and HL7. Implementer use of SNOMED CT is not covered by this agreement." /><compose><include><system value="http://snomed.info/sct" /><filter><property value="concept" /><op value="in" /><value value="999003021000000104" /></filter></include></compose></ValueSet>