<ValueSet xmlns="http://hl7.org/fhir"><id value="CareConnect-TreatmentCategory-1" /><url value="https://fhir.hl7.org.uk/STU3/ValueSet/CareConnect-TreatmentCategory-1" /><version value="1.1.0" /><name value="Care Connect Treatment Category" /><status value="draft" /><date value="2018-11-02T00:00:00+00:00" /><publisher value="HL7 UK" /><description value="A ValueSet that identifies the treatment category for this patient." /><copyright value="Copyright ? 2016 HL7 UK" /><compose><include><system value="https://fhir.hl7.org.uk/STU3/CodeSystem/CareConnect-TreatmentCategory-1" /></include></compose></ValueSet>