<ValueSet xmlns="http://hl7.org/fhir"><id value="ITK-MessageEvent-2" /><meta><lastUpdated value="2018-08-17T00:00:00+00:00" /></meta><url value="https://fhir.nhs.uk/STU3/ValueSet/ITK-MessageEvent-2" /><version value="2.4.0" /><name value="ITK Message Event" /><status value="active" /><date value="2018-08-17T00:00:00+00:00" /><publisher value="NHS Digital" /><contact><name value="Interoperability Team" /><telecom><system value="email" /><value value="interoperabilityteam@nhs.net" /><use value="work" /></telecom></contact><description value="A valueset to describe the event that triggered the message." /><copyright value="Copyright ?2018 NHS Digital" /><compose><include><system value="https://fhir.nhs.uk/STU3/CodeSystem/ITK-MessageEvent-2" /></include></compose></ValueSet>