<ValueSet xmlns="http://hl7.org/fhir"><id value="ITK-ResponseCodes-1" /><meta><lastUpdated value="2018-03-14T15:26:00+00:00" /></meta><url value="https://fhir.nhs.uk/STU3/ValueSet/ITK-ResponseCodes-1" /><version value="1.1.0" /><name value="ITK Response Codes" /><status value="active" /><date value="2018-08-17T15:26:00+00:00" /><publisher value="NHS Digital" /><contact><name value="Interoperability Team" /><telecom><system value="email" /><value value="interoperabilityteam@nhs.net" /><use value="work" /></telecom></contact><description value="A valueset to describe the ITK responses returned to the sender." /><copyright value="Copyright ?2018 NHS Digital" /><compose><include><system value="https://fhir.nhs.uk/STU3/CodeSystem/ITK-ResponseCodes-1" /></include></compose></ValueSet>