<ValueSet xmlns="http://hl7.org/fhir"><id value="CareConnect-MaritalStatus-1" /><extension url="http://hl7.org/fhir/StructureDefinition/valueset-map"><valueReference><reference value="https://fhir.hl7.org.uk/STU3/ConceptMap/CareConnect-MaritalStatus-1" /></valueReference></extension><extension url="http://hl7.org/fhir/StructureDefinition/valueset-sourceReference"><valueUri value="http://hl7.org/fhir/ValueSet/marital-status" /></extension><extension url="http://hl7.org/fhir/StructureDefinition/structuredefinition-wg"><valueCode value="pa" /></extension><extension url="http://hl7.org/fhir/StructureDefinition/structuredefinition-fmm"><valueInteger value="5" /></extension><extension url="http://hl7.org/fhir/StructureDefinition/structuredefinition-ballot-status"><valueString value="Informative" /></extension><url value="https://fhir.hl7.org.uk/STU3/ValueSet/CareConnect-MaritalStatus-1" /><identifier><system value="urn:ietf:rfc:3986" /><value value="urn:oid:2.16.840.1.113883.4.642.3.28" /></identifier><version value="3.0.1" /><name value="Marital Status Codes" /><status value="draft" /><date value="2017-04-19T07:44:47+10:00" /><publisher value="HL7 (FHIR Project)" /><contact><telecom><system value="url" /><value value="http://hl7.org/fhir" /></telecom></contact><description value="This value set defines the set of codes that can be used to indicate the marital status of a person." /><copyright value="Copyright ? HL7.org 2011+" /><extensible value="true" /><compose><include><system value="http://hl7.org/fhir/v3/MaritalStatus" /><concept><code value="A" /><display value="Annulled" /></concept><concept><code value="D" /><display value="Divorced" /></concept><concept><code value="I" /><display value="Interlocutory" /></concept><concept><code value="L" /><display value="Legally Separated" /></concept><concept><code value="M" /><display value="Married" /></concept><concept><code value="P" /><display value="Polygamous" /></concept><concept><code value="S" /><display value="Never Married" /></concept><concept><code value="T" /><display value="Domestic partner" /></concept><concept><code value="U" /><display value="unmaried" /></concept><concept><code value="W" /><display value="Widowed" /></concept></include><include><system value="http://hl7.org/fhir/v3/NullFlavor" /><concept><code value="UNK" /><display value="unknown" /></concept></include></compose></ValueSet>