<ValueSet xmlns="http://hl7.org/fhir"><id value="ITK-PatientMedicationChangeType-1" /><url value="https://fhir.nhs.uk/STU3/ValueSet/ITK-PatientMedicationChangeType-1" /><version value="1.0.0" /><name value="Patient Medication Change Type" /><status value="draft" /><date value="2017-09-12T00:00:00+00:00" /><publisher value="NHS Digital" /><contact><name value="Interoperability Team" /><telecom><system value="email" /><value value="interoperabilityteam@nhs.net" /><use value="work" /></telecom></contact><description value="A valueset that describes patient medication change types in the context of status/workflow for a Medication list." /><copyright value="Copyright ?2017 NHS Digital" /><compose><include><system value="https://fhir.nhs.uk/STU3/CodeSystem/ITK-PatientMedicationChangeType-1" /></include></compose></ValueSet>